-- MySQL dump 10.13  Distrib 8.0.43, for Linux (x86_64)
--
-- Host: localhost    Database: News
-- ------------------------------------------------------
-- Server version	8.0.43

/*!40101 SET @OLD_CHARACTER_SET_CLIENT=@@CHARACTER_SET_CLIENT */;
/*!40101 SET @OLD_CHARACTER_SET_RESULTS=@@CHARACTER_SET_RESULTS */;
/*!40101 SET @OLD_COLLATION_CONNECTION=@@COLLATION_CONNECTION */;
/*!50503 SET NAMES utf8mb4 */;
/*!40103 SET @OLD_TIME_ZONE=@@TIME_ZONE */;
/*!40103 SET TIME_ZONE='+00:00' */;
/*!40014 SET @OLD_UNIQUE_CHECKS=@@UNIQUE_CHECKS, UNIQUE_CHECKS=0 */;
/*!40014 SET @OLD_FOREIGN_KEY_CHECKS=@@FOREIGN_KEY_CHECKS, FOREIGN_KEY_CHECKS=0 */;
/*!40101 SET @OLD_SQL_MODE=@@SQL_MODE, SQL_MODE='NO_AUTO_VALUE_ON_ZERO' */;
/*!40111 SET @OLD_SQL_NOTES=@@SQL_NOTES, SQL_NOTES=0 */;

--
-- Table structure for table `article_likes`
--

DROP TABLE IF EXISTS `article_likes`;
/*!40101 SET @saved_cs_client     = @@character_set_client */;
/*!50503 SET character_set_client = utf8mb4 */;
CREATE TABLE `article_likes` (
  `id` int NOT NULL AUTO_INCREMENT,
  `user_id` int NOT NULL,
  `article_id` int NOT NULL,
  `created_at` timestamp NULL DEFAULT CURRENT_TIMESTAMP,
  PRIMARY KEY (`id`),
  UNIQUE KEY `unique_like` (`user_id`,`article_id`),
  KEY `article_id` (`article_id`),
  CONSTRAINT `article_likes_ibfk_1` FOREIGN KEY (`user_id`) REFERENCES `users` (`id`) ON DELETE CASCADE,
  CONSTRAINT `article_likes_ibfk_2` FOREIGN KEY (`article_id`) REFERENCES `articles` (`id`) ON DELETE CASCADE
) ENGINE=InnoDB AUTO_INCREMENT=11 DEFAULT CHARSET=utf8mb4 COLLATE=utf8mb4_0900_ai_ci;
/*!40101 SET character_set_client = @saved_cs_client */;

--
-- Dumping data for table `article_likes`
--

LOCK TABLES `article_likes` WRITE;
/*!40000 ALTER TABLE `article_likes` DISABLE KEYS */;
INSERT INTO `article_likes` VALUES (2,1,3,'2025-12-17 20:59:09'),(3,1,4,'2025-12-17 21:04:58'),(4,1,7,'2025-12-17 21:07:24'),(5,1,5,'2025-12-17 21:07:37'),(6,1,2,'2025-12-17 21:07:50'),(8,8,7,'2025-12-17 21:14:52'),(9,8,4,'2025-12-17 21:15:00'),(10,1,8,'2025-12-17 22:24:11');
/*!40000 ALTER TABLE `article_likes` ENABLE KEYS */;
UNLOCK TABLES;

--
-- Table structure for table `articles`
--

DROP TABLE IF EXISTS `articles`;
/*!40101 SET @saved_cs_client     = @@character_set_client */;
/*!50503 SET character_set_client = utf8mb4 */;
CREATE TABLE `articles` (
  `id` int NOT NULL AUTO_INCREMENT,
  `title` varchar(255) NOT NULL,
  `content` text NOT NULL,
  `author` varchar(100) DEFAULT NULL,
  `category` varchar(100) DEFAULT NULL,
  `language` varchar(10) DEFAULT 'en',
  `thumbnail` varchar(255) DEFAULT NULL,
  `created_at` timestamp NULL DEFAULT CURRENT_TIMESTAMP,
  `status` enum('draft','published','archived') DEFAULT 'draft',
  `scheduled_at` datetime DEFAULT NULL,
  `is_featured` tinyint(1) DEFAULT '0',
  `visibility` enum('public','subscribed') DEFAULT 'public',
  `tags` text,
  `required_level` int DEFAULT '0',
  `required_plan_id` int DEFAULT NULL,
  PRIMARY KEY (`id`)
) ENGINE=InnoDB AUTO_INCREMENT=12 DEFAULT CHARSET=utf8mb4 COLLATE=utf8mb4_0900_ai_ci;
/*!40101 SET character_set_client = @saved_cs_client */;

--
-- Dumping data for table `articles`
--

LOCK TABLES `articles` WRITE;
/*!40000 ALTER TABLE `articles` DISABLE KEYS */;
INSERT INTO `articles` VALUES (2,'How AI-Powered Translation is Transforming Local News','For decades, local newspapers have struggled with one simple problem: language. Even when a city is multilingual, most local outlets only publish in a single language, leaving large parts of the population without easy access to important information about politics, schools, transportation and public safety. Recent advances in AI translation are starting to change that.\r\n\r\nModern neural translation models are far more accurate than the rulebased systems used in the early 2000s. Instead of translating word by word, they learn patterns from millions of sentences, which helps them better capture context, idioms and tone. For local newsrooms, this means they can translate long articles in seconds and then have an editor quickly review the output, instead of paying for a full human translation from scratch.\r\n\r\nHowever, AI translation is not a magic solution. Editors still need to check names, numbers and culturally sensitive phrases. Certain types of content, such as opinion pieces or satire, often require more careful rewriting to avoid misunderstandings. Many newsrooms are adopting a hybrid workflow: AI produces a first draft, and bilingual journalists or freelancers refine the text before publication.\r\n\r\nDespite these limitations, the impact on reach is already visible. In several pilot projects, local outlets that introduced translated versions of their most important stories reported a significant increase in readership from immigrant communities who were previously underserved. Some cities are also experimenting with realtime translation of emergency alerts, making sure that critical information about extreme weather or health risks is available in multiple languages within minutes.\r\n\r\nThe next challenge will be building sustainable business models around these tools. Translation creates more value for readers, but it also increases editorial workload and infrastructure costs. Grants, public funding and subscriptionbased translation services are all being discussed as possible solutions. What is clear is that AIpowered translation is no longer a futuristic experiment  it is quickly becoming a core part of how local newsrooms can serve their entire community.','Newsroom Staff','technology','English','/Assets/Images/ai-translation-transforming-local-news.jpg','2025-12-03 12:00:00','published',NULL,0,'public','Tech,Internet,AI',0,NULL),(3,'Behind the Paywall: Why Local News Needs Subscribers to Survive','For many years, local newspapers relied almost entirely on advertising. Classifieds, print ads and inserts paid for the reporters who attended school board meetings, followed city budgets and covered high school sports. That model collapsed when ad dollars shifted to large digital platforms, leaving local outlets with shrinking newsrooms and growing coverage gaps.\r\n\r\nPaywalls and digital subscriptions are one way newsrooms are trying to rebuild a sustainable business. Instead of treating the website as a free giveaway, they present journalism as a service worth paying forjust like streaming video or music. Readers who subscribe are not simply buying access to stories; they are effectively funding the reporting itself.\r\n\r\nOf course, convincing people to pay is not easy. Many readers have become used to free content and are already paying for several entertainment subscriptions. Successful local outlets are responding with membership-style offers that include newsletters, live events, and direct ways to talk with reporters. The more a community sees its news outlet as a shared civic resource rather than just a website, the more willing people are to support it.\r\n\r\nThe longterm future of local news will likely be a mix of subscriptions, philanthropy, and limited advertising. But paywalls are playing a central role in this transition, pushing newsrooms to focus on depth, quality and trust instead of chasing page views.','Newsroom Staff','technology','English','/Assets/Images/behind-the-paywall.jpg','2025-12-03 18:01:11','published',NULL,0,'public','',0,NULL),(4,'From Print to Podcast: How Newsrooms Are Repackaging Their Best Stories','The daily newspaper used to arrive only in one form: ink on paper. Today, many of the same newsrooms are experimenting with audio series, minidocumentaries and social clips that remix their reporting for new audiences. The goal is simplemeet people where they are, whether that is on a commute, at the gym or scrolling on a phone.\r\n\r\nTurning a long investigative article into a podcast, for example, allows reporters to bring in interview clips, ambient sound and narration that can make complex topics feel more personal. Some outlets are even building small audio studios inside their offices so that journalists can record updates as stories develop.\r\n\r\nThis shift does not mean that written articles are disappearing. Instead, they form the backbone of a multiformat strategy. A single reporting project might generate a feature article, an explainer video, a podcast episode and a short social post summarizing the key finding. When all of these formats link back to each other, readers can choose how deep they want to go.\r\n\r\nFor local newsrooms, the biggest challenge is capacity. Producing quality audio and video requires new skills and equipment. Many are partnering with universities or independent producers to share expertise while keeping editorial control inhouse.','Newsroom Staff','technology','English','/Assets/Images/print-to-podcast.jpg','2025-12-03 18:01:11','published',NULL,0,'public','',0,4),(5,'Newsletters as the New Front Page','Open your email in the morning and you will likely find at least one curated newsletter summarizing the day\'s top stories. What began as a simple distribution channel has become one of the most important tools for newsrooms. Newsletters create a direct relationship with readers that is not filtered by algorithms or social media feeds.\r\n\r\nFor local outlets, this relationship is especially valuable. A welldesigned morning briefing can highlight city council decisions, weather alerts, school updates and community events in just a few paragraphs. Readers who rely on the newsletter for orientation are more likely to click through to full articles and, ultimately, to become subscribers.\r\n\r\nSuccessful newsletters balance utility and personality. They provide clear links and summaries, but they also have a recognizable voice. Many editors include short notes explaining why a story matters or how it was reported. That transparency helps build trust at a time when misinformation is easy to spread.\r\n\r\nAs inboxes become more crowded, the pressure to deliver value in every edition will only grow. Newsrooms that treat their newsletters as a core productrather than an afterthoughtare already seeing higher engagement and stronger reader loyalty.','Newsroom Staff','technology','English','/Assets/Images/newsletters-front-page.jpg','2025-12-03 18:01:11','published',NULL,0,'public','',0,NULL),(7,'The Silent Revolution: How Edge Computing Is Reshaping the Internet','For years, cloud computing has been the backbone of modern digital services. From streaming platforms to enterprise software, centralized data centers have powered everything behind the scenes. But as applications demand faster responses and real-time intelligence, a new paradigm is quietly taking over: edge computing.\r\n\r\nWhat Is Edge Computing?\r\n\r\nEdge computing shifts data processing closer to where it is generated—on devices such as smartphones, sensors, vehicles, and local servers—rather than sending everything to distant cloud data centers. This proximity dramatically reduces latency, improves reliability, and lowers bandwidth costs.\r\n\r\nInstead of asking “Can the cloud handle this?”, engineers are now asking “Does this data even need to leave the device?”\r\n\r\nWhy Edge Computing Matters Now\r\n\r\nSeveral technological shifts have made edge computing not just useful, but necessary:\r\n\r\n5G Networks enable ultra-low latency communication\r\n\r\nIoT Explosion has introduced billions of connected devices\r\n\r\nAI at the Edge allows on-device decision-making\r\n\r\nPrivacy Regulations restrict unnecessary data transfers\r\n\r\nFor applications like autonomous driving, industrial automation, or remote healthcare, milliseconds matter—and the cloud alone is often too slow.\r\n\r\nReal-World Applications\r\nSmart Cities\r\n\r\nTraffic lights that adapt in real time, surveillance systems that detect anomalies instantly, and energy grids that self-optimize all rely on edge computing.\r\n\r\nHealthcare\r\n\r\nWearable devices can analyze patient data locally, triggering alerts without waiting for cloud processing—potentially saving lives.\r\n\r\nContent Delivery & Media\r\n\r\nEdge servers reduce buffering, improve streaming quality, and personalize content delivery closer to the user.\r\n\r\nEdge vs Cloud: Not a Replacement\r\n\r\nDespite common misconceptions, edge computing is not replacing the cloud. Instead, it complements it.\r\n\r\nEdge handles real-time processing and filtering\r\n\r\nCloud manages long-term storage, analytics, and orchestration\r\n\r\nThe future belongs to hybrid architectures where intelligence is distributed across devices, edge nodes, and centralized clouds.\r\n\r\nSecurity at the Edge\r\n\r\nProcessing data locally reduces exposure, but it also introduces new security challenges. Edge devices are often physically accessible and widely distributed, making them harder to secure uniformly. Encryption, device authentication, and secure firmware updates are now critical components of edge infrastructure.\r\n\r\nThe Road Ahead\r\n\r\nAs AI models become smaller and more efficient, expect more intelligence to move away from centralized systems. Edge computing will play a key role in:\r\n\r\nAutonomous systems\r\n\r\nPersonalized digital experiences\r\n\r\nReal-time analytics\r\n\r\nSustainable computing by reducing data transfer\r\n\r\nThe internet is no longer just centralized—it’s becoming everywhere.','Hazem','technology','English','Assets/Uploads/1765993248_downl453435676876oad.jpg','2025-12-17 17:40:48','published',NULL,0,'subscribed','Tech,Internet,Edge,Google',0,5),(8,'الأمن السيبراني: خط الدفاع الأول في العالم الرقمي الحديث','في عصرٍ أصبحت فيه البيانات هي النفط الجديد، لم يعد الأمن السيبراني خيارًا إضافيًا، بل ضرورة أساسية لاستمرار الأفراد والمؤسسات في العالم الرقمي. فمع توسّع الاعتماد على الإنترنت والخدمات السحابية والتطبيقات الذكية، تتزايد التهديدات السيبرانية من حيث التعقيد والخطورة.\r\n\r\nما هو الأمن السيبراني؟\r\n\r\nالأمن السيبراني هو مجموعة من السياسات والتقنيات والإجراءات المصمّمة لحماية الأنظمة والشبكات والبيانات من الهجمات الرقمية، مثل:\r\n\r\nالاختراق\r\n\r\nسرقة البيانات\r\n\r\nالبرمجيات الخبيثة\r\n\r\nهجمات حجب الخدمة (DDoS)\r\n\r\nالهدف الأساسي هو ضمان السرية، السلامة، والتوافر للمعلومات.\r\n\r\nلماذا أصبح الأمن السيبراني أكثر أهمية من أي وقت مضى؟\r\n\r\nعدة عوامل ساهمت في تضخّم التهديدات السيبرانية:\r\n\r\nالتحول الرقمي السريع داخل المؤسسات\r\n\r\nالعمل عن بُعد واستخدام الأجهزة الشخصية\r\n\r\nانتشار إنترنت الأشياء (IoT)\r\n\r\nالاعتماد المتزايد على الذكاء الاصطناعي\r\n\r\nكل جهاز متصل بالإنترنت أصبح نقطة دخول محتملة للمهاجمين.\r\n\r\nأبرز التهديدات السيبرانية الحديثة\r\n1. هجمات التصيّد (Phishing)\r\n\r\nرسائل بريد أو مواقع مزيفة تهدف لخداع المستخدم وسرقة بياناته الحساسة.\r\n\r\n2. برمجيات الفدية (Ransomware)\r\n\r\nتقوم بتشفير بيانات الضحية والمطالبة بفدية مالية مقابل فك التشفير.\r\n\r\n3. الهجمات المتقدمة المستمرة (APT)\r\n\r\nهجمات طويلة الأمد تستهدف مؤسسات حساسة مثل البنوك والهيئات الحكومية.\r\n\r\n4. استغلال الثغرات البرمجية\r\n\r\nالاستفادة من أخطاء في البرمجيات غير المحدّثة لاختراق الأنظمة.\r\n\r\nدور الذكاء الاصطناعي في الأمن السيبراني\r\n\r\nأصبح الذكاء الاصطناعي سلاحًا ذا حدين في المجال السيبراني:\r\n\r\nللدفاع: تحليل السلوك غير الطبيعي، واكتشاف الهجمات مبكرًا\r\n\r\nللهجوم: إنشاء برمجيات خبيثة أكثر ذكاءً وقدرة على التخفي\r\n\r\nهذا السباق المستمر يفرض على المؤسسات الاستثمار في حلول أمنية ذكية ومتطورة.\r\n\r\nأفضل الممارسات لتعزيز الأمن السيبراني\r\n\r\nتحديث الأنظمة والبرمجيات بشكل دوري\r\n\r\nاستخدام المصادقة الثنائية (2FA)\r\n\r\nتوعية المستخدمين بمخاطر الهندسة الاجتماعية\r\n\r\nتشفير البيانات الحساسة\r\n\r\nمراقبة الشبكات بشكل مستمر\r\n\r\nالأمن السيبراني لم يعد مسؤولية قسم تقني فقط، بل ثقافة مؤسسية شاملة.\r\n\r\nمستقبل الأمن السيبراني\r\n\r\nمع تطور تقنيات مثل الحوسبة الكمية والذكاء الاصطناعي التوليدي، ستواجه أنظمة الحماية تحديات غير مسبوقة. في المقابل، ستظهر حلول أكثر تطورًا تعتمد على:\r\n\r\nالأتمتة\r\n\r\nالتحليل التنبؤي\r\n\r\nنموذج Zero Trust\r\n\r\nخلاصة\r\n\r\nالأمن السيبراني هو العمود الفقري للعالم الرقمي الحديث. وبينما تتطوّر الهجمات باستمرار، فإن الوعي، والتقنيات الحديثة، والتخطيط الاستباقي تبقى أفضل وسائل الدفاع. الاستثمار في الأمن اليوم هو حماية لمستقبل البيانات غدًا.','Solace','technology','Arabic','Assets/Uploads/1766010211_dolgfdgfhgjwnload.jpeg','2025-12-17 22:23:31','published',NULL,0,'subscribed','Tech,Cyber-security,Information,',0,3),(9,'Machine Learning: How Data Is Teaching Machines to Think','Machine Learning (ML) has quietly become one of the most influential technologies of the modern era. From personalized news feeds to medical diagnosis and financial forecasting, machine learning systems are shaping decisions at a scale and speed never seen before.\r\n\r\nWhat Is Machine Learning?\r\n\r\nMachine Learning is a branch of artificial intelligence that enables computers to learn patterns from data and improve their performance without being explicitly programmed for every task. Instead of following rigid instructions, ML models adapt by analyzing examples and refining their predictions over time.\r\n\r\nAt the heart of machine learning lies data—large, diverse, and continuously evolving.\r\n\r\nCore Types of Machine Learning\r\n1. Supervised Learning\r\n\r\nModels are trained using labeled data, where the correct output is known. This approach is widely used in spam detection, image recognition, and price prediction.\r\n\r\n2. Unsupervised Learning\r\n\r\nSystems discover hidden structures in unlabeled data. Clustering users by behavior or detecting anomalies in network traffic are common applications.\r\n\r\n3. Reinforcement Learning\r\n\r\nAlgorithms learn through trial and error by interacting with an environment and receiving feedback. This technique powers game-playing AI, robotics, and autonomous systems.\r\n\r\nWhy Machine Learning Matters\r\n\r\nMachine learning excels at tasks that are difficult or impossible to define with traditional rules. It can:\r\n\r\nIdentify subtle patterns humans might miss\r\n\r\nScale decision-making across millions of users\r\n\r\nContinuously improve as more data becomes available\r\n\r\nIn a digital newsstand context, ML can recommend articles, predict reader interests, detect fake news, and optimize content delivery.\r\n\r\nChallenges and Ethical Considerations\r\n\r\nDespite its power, machine learning introduces significant challenges:\r\n\r\nBias in data can lead to unfair or misleading outcomes\r\n\r\nLack of transparency makes some models difficult to interpret\r\n\r\nData privacy concerns arise when models rely on personal information\r\n\r\nResponsible ML development requires careful data curation, model evaluation, and ethical oversight.\r\n\r\nMachine Learning in Everyday Life\r\n\r\nMost users interact with machine learning dozens of times a day without realizing it:\r\n\r\nSearch engines ranking results\r\n\r\nStreaming platforms suggesting content\r\n\r\nSmartphones recognizing speech and faces\r\n\r\nFinancial systems detecting fraud\r\n\r\nThese applications demonstrate how deeply ML has integrated into modern digital experiences.\r\n\r\nThe Future of Machine Learning\r\n\r\nAs computing power increases and data grows exponentially, machine learning models will become more efficient, more explainable, and more accessible. Emerging trends include:\r\n\r\nEdge ML for on-device intelligence\r\n\r\nExplainable AI (XAI) for transparency\r\n\r\nMultimodal models combining text, images, and audio\r\n\r\nMachine learning is moving from experimental research into essential infrastructure.\r\n\r\nConclusion\r\n\r\nMachine learning is not about replacing human intelligence—it is about augmenting it. By transforming raw data into actionable insight, ML empowers better decisions, smarter systems, and more personalized digital experiences. As the technology matures, its true value will be defined by how responsibly and creatively it is applied.','Eurys Of The Nine','technology','English','Assets/Uploads/1766014375_BigData-Machine-Learning.jpg','2025-12-17 23:32:55','published',NULL,1,'public','Tech,Internet,AI,ML',0,NULL),(10,'Psychology and Everyday Life: How the Mind Shapes Our Daily Experiences','Psychology is not limited to clinics or research laboratories—it is present in everyday moments, shaping how people think, feel, and interact with the world around them. From personal relationships to emotional well-being, psychological processes quietly influence daily decisions and behaviors.\r\n\r\nThe Power of Thoughts and Emotions\r\n\r\nHuman behavior is deeply connected to internal thoughts and emotions. How a person interprets an event often matters more than the event itself. A stressful situation, for example, can feel manageable or overwhelming depending on mindset, past experiences, and emotional resilience.\r\n\r\nPsychology helps explain why people react differently to similar situations and how emotions can guide—or sometimes distort—judgment.\r\n\r\nHabits and Behavior Patterns\r\n\r\nMuch of daily life is governed by habits. These automatic behaviors reduce mental effort but can be difficult to change. Psychology shows that habits are formed through repetition and reinforcement, not willpower alone.\r\n\r\nUnderstanding habit formation allows individuals to replace unhealthy routines with positive ones by adjusting environment, motivation, and consistency.\r\n\r\nRelationships and Social Interaction\r\n\r\nHuman beings are social by nature. Psychology explores how communication, empathy, trust, and attachment influence relationships. Misunderstandings often arise not from intention, but from perception and emotional interpretation.\r\n\r\nHealthy relationships depend on emotional awareness, active listening, and the ability to regulate reactions during conflict.\r\n\r\nStress, Coping, and Emotional Balance\r\n\r\nStress is a natural response to challenge, but prolonged stress can impact both mental and physical health. Psychological research highlights the importance of coping strategies such as mindfulness, social support, and self-reflection.\r\n\r\nLearning to recognize emotional signals early can prevent burnout and improve overall quality of life.\r\n\r\nPersonal Growth and Self-Awareness\r\n\r\nSelf-awareness is a central concept in psychology. By understanding personal values, emotional triggers, and thought patterns, individuals can make more intentional choices and develop greater emotional intelligence.\r\n\r\nPersonal growth is not about perfection, but about continuous learning and adaptation.\r\n\r\nConclusion\r\n\r\nPsychology offers practical insight into everyday life, helping people better understand themselves and others. By applying psychological principles, individuals can improve emotional well-being, strengthen relationships, and navigate life’s challenges with greater clarity and resilience.','Staff','health','English','Assets/Uploads/1766015288_iu_1069482_4276703.jpg','2025-12-17 23:43:24','published',NULL,0,'subscribed','Psychology,Health,Self-care',0,NULL),(11,'الألعاب وتأثيرها على النفس والسلوك الإنساني','تُعد الألعاب جزءًا مهمًا من حياة الإنسان منذ الطفولة وحتى مراحل متقدمة من العمر، فهي ليست مجرد وسيلة للتسلية، بل أداة تعبير وتعلّم وتفاعل اجتماعي. وقد اهتم علم النفس بدراسة الألعاب لما لها من تأثير واضح على التفكير والمشاعر والسلوك.\r\n\r\nالألعاب كوسيلة للتعلّم\r\n\r\nتساعد الألعاب على تنمية المهارات العقلية مثل التركيز، وسرعة اتخاذ القرار، وحل المشكلات. فاللاعب يواجه مواقف مختلفة تتطلب التفكير والتخطيط، مما يساهم في تطوير القدرات الذهنية بشكل تدريجي وممتع.\r\n\r\nالتأثير النفسي للألعاب\r\n\r\nتوفر الألعاب شعورًا بالإنجاز والتحدي، وهو ما يعزز الثقة بالنفس والدافعية. كما تتيح للاعبين فرصة الهروب المؤقت من ضغوط الحياة اليومية، مما يساعد على تخفيف التوتر وتحسين المزاج عند ممارستها بشكل متوازن.\r\n\r\nالألعاب والتفاعل الاجتماعي\r\n\r\nتشجع العديد من الألعاب على التعاون والمنافسة الصحية، مما يعزز مهارات التواصل والعمل الجماعي. ومن خلال اللعب المشترك، يتعلم الأفراد احترام القواعد، وتقبل الخسارة، والتعامل مع النجاح بروح إيجابية.\r\n\r\nالاعتدال في ممارسة الألعاب\r\n\r\nرغم الفوائد المتعددة للألعاب، إلا أن الإفراط في ممارستها قد يؤدي إلى آثار سلبية مثل العزلة أو الإهمال اليومي. لذلك يُعد التوازن والوعي الذاتي عنصرين أساسيين للاستفادة من الألعاب دون التأثير على نمط الحياة الصحي.\r\n\r\nخاتمة\r\n\r\nتمثل الألعاب مساحة تجمع بين الترفيه والتعلّم والتفاعل الإنساني. وعند ممارستها بوعي واعتدال، يمكن أن تكون وسيلة فعالة لتعزيز الصحة النفسية وتنمية القدرات الفردية والاجتماعية.','Staff','entertainment','Arabic','Assets/Uploads/1766054877_سام.jpg','2025-12-18 10:47:57','published',NULL,0,'public','Games,Entertainment',0,NULL);
/*!40000 ALTER TABLE `articles` ENABLE KEYS */;
UNLOCK TABLES;

--
-- Table structure for table `categories`
--

DROP TABLE IF EXISTS `categories`;
/*!40101 SET @saved_cs_client     = @@character_set_client */;
/*!50503 SET character_set_client = utf8mb4 */;
CREATE TABLE `categories` (
  `id` int NOT NULL AUTO_INCREMENT,
  `name` varchar(100) NOT NULL,
  PRIMARY KEY (`id`),
  UNIQUE KEY `name` (`name`)
) ENGINE=InnoDB DEFAULT CHARSET=utf8mb4 COLLATE=utf8mb4_0900_ai_ci;
/*!40101 SET character_set_client = @saved_cs_client */;

--
-- Dumping data for table `categories`
--

LOCK TABLES `categories` WRITE;
/*!40000 ALTER TABLE `categories` DISABLE KEYS */;
/*!40000 ALTER TABLE `categories` ENABLE KEYS */;
UNLOCK TABLES;

--
-- Table structure for table `comments`
--

DROP TABLE IF EXISTS `comments`;
/*!40101 SET @saved_cs_client     = @@character_set_client */;
/*!50503 SET character_set_client = utf8mb4 */;
CREATE TABLE `comments` (
  `id` int NOT NULL AUTO_INCREMENT,
  `user_id` int NOT NULL,
  `article_id` int NOT NULL,
  `content` text NOT NULL,
  `status` enum('pending','approved','flagged') DEFAULT 'pending',
  `created_at` timestamp NULL DEFAULT CURRENT_TIMESTAMP,
  PRIMARY KEY (`id`),
  KEY `user_id` (`user_id`),
  KEY `article_id` (`article_id`),
  CONSTRAINT `comments_ibfk_1` FOREIGN KEY (`user_id`) REFERENCES `users` (`id`) ON DELETE CASCADE,
  CONSTRAINT `comments_ibfk_2` FOREIGN KEY (`article_id`) REFERENCES `articles` (`id`) ON DELETE CASCADE
) ENGINE=InnoDB AUTO_INCREMENT=2 DEFAULT CHARSET=utf8mb4 COLLATE=utf8mb4_0900_ai_ci;
/*!40101 SET character_set_client = @saved_cs_client */;

--
-- Dumping data for table `comments`
--

LOCK TABLES `comments` WRITE;
/*!40000 ALTER TABLE `comments` DISABLE KEYS */;
INSERT INTO `comments` VALUES (1,1,3,'GOAT','approved','2025-12-17 20:01:28');
/*!40000 ALTER TABLE `comments` ENABLE KEYS */;
UNLOCK TABLES;

--
-- Table structure for table `issues`
--

DROP TABLE IF EXISTS `issues`;
/*!40101 SET @saved_cs_client     = @@character_set_client */;
/*!50503 SET character_set_client = utf8mb4 */;
CREATE TABLE `issues` (
  `id` int NOT NULL AUTO_INCREMENT,
  `title` varchar(255) NOT NULL,
  `description` text,
  `pdf_path` varchar(255) DEFAULT NULL,
  `cover_image` varchar(255) DEFAULT NULL,
  `created_at` timestamp NULL DEFAULT CURRENT_TIMESTAMP,
  PRIMARY KEY (`id`)
) ENGINE=InnoDB DEFAULT CHARSET=utf8mb4 COLLATE=utf8mb4_0900_ai_ci;
/*!40101 SET character_set_client = @saved_cs_client */;

--
-- Dumping data for table `issues`
--

LOCK TABLES `issues` WRITE;
/*!40000 ALTER TABLE `issues` DISABLE KEYS */;
/*!40000 ALTER TABLE `issues` ENABLE KEYS */;
UNLOCK TABLES;

--
-- Table structure for table `plans`
--

DROP TABLE IF EXISTS `plans`;
/*!40101 SET @saved_cs_client     = @@character_set_client */;
/*!50503 SET character_set_client = utf8mb4 */;
CREATE TABLE `plans` (
  `id` int NOT NULL AUTO_INCREMENT,
  `name` varchar(50) NOT NULL,
  `price` decimal(10,2) NOT NULL,
  `duration_days` int NOT NULL,
  `features` text,
  `created_at` timestamp NULL DEFAULT CURRENT_TIMESTAMP,
  `level` int DEFAULT '1',
  PRIMARY KEY (`id`)
) ENGINE=InnoDB AUTO_INCREMENT=7 DEFAULT CHARSET=utf8mb4 COLLATE=utf8mb4_0900_ai_ci;
/*!40101 SET character_set_client = @saved_cs_client */;

--
-- Dumping data for table `plans`
--

LOCK TABLES `plans` WRITE;
/*!40000 ALTER TABLE `plans` DISABLE KEYS */;
INSERT INTO `plans` VALUES (2,'Basic',9.99,30,'Access to basic articles\nArabic/English translation\nEmail newsletters\nMobile app access','2025-12-17 19:11:29',1),(3,'Plus',19.99,30,'Access to premium articles\nText-to-Speech (TTS) feature\nOffline reading\nAdvanced search\nEverything in Basic','2025-12-17 19:11:29',2),(4,'Pro',29.99,30,'All languages translation\nPriority customer support\nUnlimited article saves\nCustom news feeds\nEverything in Plus','2025-12-17 19:11:29',3),(5,'Sunless',49.51,30,'Forth Wall','2025-12-17 19:14:08',1),(6,'Sunny',51.49,30,'Fated','2025-12-17 22:07:09',1);
/*!40000 ALTER TABLE `plans` ENABLE KEYS */;
UNLOCK TABLES;

--
-- Table structure for table `saved_articles`
--

DROP TABLE IF EXISTS `saved_articles`;
/*!40101 SET @saved_cs_client     = @@character_set_client */;
/*!50503 SET character_set_client = utf8mb4 */;
CREATE TABLE `saved_articles` (
  `id` int NOT NULL AUTO_INCREMENT,
  `user_id` int NOT NULL,
  `article_id` int NOT NULL,
  `saved_at` timestamp NULL DEFAULT CURRENT_TIMESTAMP,
  PRIMARY KEY (`id`),
  UNIQUE KEY `user_id` (`user_id`,`article_id`),
  KEY `article_id` (`article_id`),
  CONSTRAINT `saved_articles_ibfk_1` FOREIGN KEY (`user_id`) REFERENCES `users` (`id`) ON DELETE CASCADE,
  CONSTRAINT `saved_articles_ibfk_2` FOREIGN KEY (`article_id`) REFERENCES `articles` (`id`) ON DELETE CASCADE
) ENGINE=InnoDB AUTO_INCREMENT=4 DEFAULT CHARSET=utf8mb4 COLLATE=utf8mb4_0900_ai_ci;
/*!40101 SET character_set_client = @saved_cs_client */;

--
-- Dumping data for table `saved_articles`
--

LOCK TABLES `saved_articles` WRITE;
/*!40000 ALTER TABLE `saved_articles` DISABLE KEYS */;
INSERT INTO `saved_articles` VALUES (1,1,3,'2025-12-17 20:59:08'),(2,1,5,'2025-12-17 21:05:09');
/*!40000 ALTER TABLE `saved_articles` ENABLE KEYS */;
UNLOCK TABLES;

--
-- Table structure for table `subscriptions`
--

DROP TABLE IF EXISTS `subscriptions`;
/*!40101 SET @saved_cs_client     = @@character_set_client */;
/*!50503 SET character_set_client = utf8mb4 */;
CREATE TABLE `subscriptions` (
  `id` int NOT NULL AUTO_INCREMENT,
  `user_id` int NOT NULL,
  `plan` varchar(50) DEFAULT NULL,
  `auto_renew` tinyint(1) DEFAULT '1',
  `expires_at` datetime DEFAULT NULL,
  `plan_id` int DEFAULT NULL,
  PRIMARY KEY (`id`),
  KEY `user_id` (`user_id`),
  CONSTRAINT `subscriptions_ibfk_1` FOREIGN KEY (`user_id`) REFERENCES `users` (`id`) ON DELETE CASCADE
) ENGINE=InnoDB AUTO_INCREMENT=65 DEFAULT CHARSET=utf8mb4 COLLATE=utf8mb4_0900_ai_ci;
/*!40101 SET character_set_client = @saved_cs_client */;

--
-- Dumping data for table `subscriptions`
--

LOCK TABLES `subscriptions` WRITE;
/*!40000 ALTER TABLE `subscriptions` DISABLE KEYS */;
INSERT INTO `subscriptions` VALUES (1,1,'Plus',0,'2025-12-17 19:22:22',NULL),(2,1,'Pro',0,'2025-12-17 19:22:22',NULL),(3,1,'Basic',0,'2025-12-17 19:22:22',NULL),(4,1,'Plus',0,'2025-12-17 19:22:22',NULL),(5,1,'Pro',0,'2025-12-17 19:22:22',NULL),(6,1,'Plus',0,'2025-12-17 19:22:22',NULL),(7,1,'Pro',0,'2025-12-17 19:22:22',NULL),(8,1,'Plus',0,'2025-12-17 19:22:22',NULL),(9,1,'Basic',0,'2025-12-17 19:22:22',NULL),(10,1,'Plus',0,'2025-12-17 19:22:22',NULL),(11,1,'Plus',0,'2025-12-17 19:22:22',NULL),(12,1,'Plus',0,'2025-12-17 19:22:22',NULL),(13,1,'Basic',0,'2025-12-17 19:22:22',NULL),(14,1,'Basic',0,'2025-12-17 19:22:22',NULL),(15,1,'Basic',0,'2025-12-17 19:22:22',NULL),(16,1,'Plus',0,'2025-12-17 19:22:22',NULL),(17,1,'Pro',0,'2025-12-17 19:22:22',NULL),(18,1,'Plus',0,'2025-12-17 19:22:22',NULL),(19,1,'Pro',0,'2025-12-17 19:22:22',NULL),(20,1,'Plus',0,'2025-12-17 19:22:22',NULL),(21,1,'Pro',0,'2025-12-17 19:22:22',NULL),(22,1,'Plus',0,'2025-12-17 19:22:22',NULL),(23,1,'Basic',0,'2025-12-17 19:22:22',NULL),(24,1,'Pro',0,'2025-12-17 19:22:22',NULL),(25,1,'Plus',0,'2025-12-17 19:22:22',NULL),(26,1,'Basic',0,'2025-12-17 19:22:22',NULL),(27,1,'Plus',0,'2025-12-17 19:22:22',NULL),(28,1,'Basic',0,'2025-12-17 19:22:22',NULL),(29,1,'Plus',0,'2025-12-17 19:22:22',NULL),(30,1,'Basic',0,'2025-12-17 19:22:22',NULL),(31,1,'Plus',0,'2025-12-17 19:22:22',NULL),(32,1,'Pro',0,'2025-12-17 19:22:22',NULL),(33,1,'Plus',0,'2025-12-17 19:22:22',NULL),(34,1,'Basic',0,'2025-12-17 19:22:22',NULL),(35,1,'Pro',0,'2025-12-17 19:22:22',NULL),(36,1,'Pro',0,'2025-12-17 19:22:22',NULL),(37,1,'Plus',0,'2025-12-17 19:22:22',NULL),(38,1,'Pro',0,'2025-12-17 19:22:22',NULL),(39,1,'Plus',0,'2025-12-17 19:22:22',NULL),(40,1,'Test',0,'2025-12-17 19:22:22',1),(41,1,'Plus',0,'2025-12-17 19:22:22',NULL),(43,1,'Basic',0,'2025-12-17 19:22:22',NULL),(44,1,'Plus',0,'2025-12-17 19:22:22',3),(45,1,'Pro',0,'2025-12-17 19:22:22',4),(46,1,'Basic',0,'2025-12-17 19:22:22',2),(47,1,'Pro',0,'2025-12-17 19:22:22',4),(48,1,'Sunless',0,'2025-12-17 19:22:22',5),(49,1,'Plus',0,'2025-12-17 19:22:22',3),(50,1,'Basic',0,'2025-12-17 19:22:22',2),(51,1,'Basic',1,'2026-01-16 19:33:50',2),(52,1,'Pro',1,'2026-01-16 19:40:25',4),(53,1,'Sunless',1,'2026-01-16 21:07:14',5),(54,8,'Sunless',1,'2026-01-16 21:14:43',5),(55,1,'Plus',1,'2026-01-16 21:52:35',3),(56,1,'Pro',1,'2026-01-16 21:52:55',4),(57,1,'Basic',1,'2026-01-16 21:59:36',2),(58,1,'Pro',1,'2026-01-16 22:01:10',4),(59,1,'Sunny',1,'2026-01-16 22:07:22',6),(60,1,'Pro',1,'2026-01-16 22:24:26',4),(61,1,'Plus',1,'2026-01-17 09:31:21',3),(62,1,'Pro',1,'2026-01-17 09:36:52',4),(63,1,'Plus',1,'2026-01-17 09:54:55',3),(64,1,'Sunless',1,'2026-01-17 10:51:57',5);
/*!40000 ALTER TABLE `subscriptions` ENABLE KEYS */;
UNLOCK TABLES;

--
-- Table structure for table `translations`
--

DROP TABLE IF EXISTS `translations`;
/*!40101 SET @saved_cs_client     = @@character_set_client */;
/*!50503 SET character_set_client = utf8mb4 */;
CREATE TABLE `translations` (
  `id` int NOT NULL AUTO_INCREMENT,
  `article_id` int NOT NULL,
  `language` varchar(10) NOT NULL,
  `translated_text` longtext NOT NULL,
  `created_at` timestamp NULL DEFAULT CURRENT_TIMESTAMP,
  PRIMARY KEY (`id`),
  UNIQUE KEY `article_id` (`article_id`,`language`),
  CONSTRAINT `translations_ibfk_1` FOREIGN KEY (`article_id`) REFERENCES `articles` (`id`) ON DELETE CASCADE
) ENGINE=InnoDB AUTO_INCREMENT=65 DEFAULT CHARSET=utf8mb4 COLLATE=utf8mb4_0900_ai_ci;
/*!40101 SET character_set_client = @saved_cs_client */;

--
-- Dumping data for table `translations`
--

LOCK TABLES `translations` WRITE;
/*!40000 ALTER TABLE `translations` DISABLE KEYS */;
INSERT INTO `translations` VALUES (10,2,'ar','{\"title\":\"كيف أن الترجمة بواسطة AI هي تحويل الأخبار المحلية\",\"content\":\"وعلى مدى عقود، واجهت الصحف المحلية مشكلة بسيطة واحدة هي اللغة. وحتى عندما تكون المدينة متعددة اللغات، فإن معظم المنافذ المحلية لا تنشر إلا بلغة واحدة، مما يترك أجزاء كبيرة من السكان دون الحصول بسهولة على معلومات هامة عن السياسة والمدارس والنقل والسلامة العامة. وقد بدأت التطورات الأخيرة في ترجمة AI تغيير ذلك.\\n\\nوالنماذج الحديثة للترجمة العصبية أكثر دقة بكثير من النظم القائمة على القواعد المستخدمة في أوائل العقد الأول من الألفية. وبدلاً من ترجمة الكلمات بالكلمات، فإنها تتعلم أنماطاً من الملايين من الأحكام، مما يساعدها على فهم السياقات والأغبياء والنبرة بشكل أفضل. وهذا يعني، بالنسبة لقاعات الأنباء المحلية، أنها يمكن أن تترجم مقالات طويلة في ثواني ثم أن يكون لها محرر يستعرض بسرعة الناتج، بدلا من دفع تكاليف ترجمة بشرية كاملة من الصفر.\\n\\nغير أن ترجمة AI ليست حلاً سحرياً. ولا يزال يتعين على المحررين التحقق من الأسماء والأرقام والعبارات الحساسة ثقافيا. فبعض أنواع المحتوى، مثل قطع الرأي أو الصبر، كثيرا ما تتطلب إعادة كتابة أكثر حذرا لتجنب سوء الفهم. وهناك العديد من غرف الأنباء التي تعتمد تدفقا للعمل الهجين: وتصدر منظمة العفو الدولية مشروعاً أولياً، ويقوم الصحفيون الثنائيو اللغة أو المحررون بصقل النص قبل نشره.\\n\\nوعلى الرغم من هذه القيود، فإن الأثر على الوصول مرئي بالفعل. In several pilot projects, local outlets that introduced translated versions of their most important stories reported a significant increase in readership from immigrant communities who were previously underserved. وتختبر بعض المدن أيضا الترجمة الفورية للإنذارات الطارئة، وتأكد من أن المعلومات الحاسمة عن المخاطر الجوية أو الصحية الشديدة متاحة بلغات متعددة في غضون دقائق.\\n\\nويتمثل التحدي التالي في بناء نماذج تجارية مستدامة حول هذه الأدوات. والترجمة تخلق قيمة أكبر للقراء، ولكنها تزيد أيضا من عبء العمل التحريري وتكاليف الهياكل الأساسية. وتجري مناقشة كل من المنح والتمويل العام وخدمات الترجمة التحريرية القائمة على الاشتراكات باعتبارها حلولا ممكنة. وما هو واضح هو أن الترجمة الكهربائية لم تعد تجربة غير مجدية، فقد أصبحت بسرعة جزءا أساسيا من الكيفية التي يمكن بها لغرفة الأنباء المحلية أن تخدم مجتمعها المحلي بأسره.\"}','2025-12-03 16:33:20'),(11,2,'ja','{\"title\":\"地域ニュースを変革するAI-Powered Translationの仕組み\",\"content\":\"何十年もの間、地元の新聞は一つの簡単な問題に苦労しています。 都市が多言語化されている場合でも、ほとんどのローカルアウトレットは単一の言語でのみ公開され、政治、学校、交通機関、公共安全に関する重要な情報にアクセスしやすくすることなく、人口の大きな部分を残します。 最近のAI翻訳の進展が始まります。\\n\\n現代のニューラル翻訳モデルは、2000年代初頭のルールベースのシステムよりもはるかに正確です。 単語によって単語を翻訳するのではなく、何百万人もの文からパターンを学びます。これにより、より良いコンテキスト、イディオム、トーンをキャプチャできます。 ローカルのニュースルームでは、長い記事を秒単位で翻訳し、エディタはすぐに出力を見直し、スクラッチから完全な人間の翻訳を支払う代わりに。\\n\\nしかし、AI翻訳は魔法のソリューションではありません。 エディタは、名前、数字、文化的に敏感なフレーズをチェックする必要があります。 意見ピースやサチレなどの特定の種類のコンテンツは、誤解を避けるために、より慎重に書き直す必要があります。 多くのニュースルームは、ハイブリッドワークフローを採用しています。 AIは、出版前の文章を1つ作成し、バイリンガルジャーナリストやフリーランサーがテキストを精製します。\\n\\nこれらの制限にもかかわらず、リーチへの影響は既に表示されます。 いくつかのパイロットプロジェクトでは、翻訳されたバージョンの最も重要な物語を導入したローカルアウトレットは、以前に保存された移民コミュニティから読者層の大きな増加を報告しました。 一部の都市では、緊急アラートのリアルタイム翻訳も実験しています。極端な気象や健康リスクに関する重要な情報は、数分で複数の言語で利用できます。\\n\\n次の課題は、これらのツールの周りに持続可能なビジネスモデルを構築します。 トランスレーションは、読者にとってより価値を創出しますが、編集作業負荷とインフラコストも増加します。 助成金、公的資金およびサブスクリプションベースの翻訳サービスはすべて、可能なソリューションとして議論されています。 クリアとは、AIの翻訳はもはや未来の実験ではなく、地域のニュースルームがコミュニティ全体にどのように役立つかの根本的な部分になるということです.\"}','2025-12-03 16:33:42'),(12,3,'fr','{\"title\":\"Derrière le Paywall : Pourquoi les nouvelles locales ont besoin d\'abonnés pour survivre\",\"content\":\"Pendant de nombreuses années, les journaux locaux dépendaient presque entièrement de la publicité. petites annonces, annonces imprimées et insertions payées pour les journalistes qui ont assisté aux réunions du conseil scolaire, suivi les budgets de la ville et couvert les sports d\'école secondaire. Ce modèle s\'est effondré lorsque les fonds publicitaires ont été transférés vers de grandes plateformes numériques, laissant des points de vente locaux avec des salles de presse en baisse et des lacunes croissantes dans la couverture.\\n\\nPaywalls et abonnements numériques sont un moyen pour les salles de presse d\'essayer de reconstruire une entreprise durable. Au lieu de traiter le site comme un cadeau gratuit, ils présentent le journalisme comme un service qui vaut la peine de payer tout comme la vidéo en streaming ou la musique. Les lecteurs qui s\'abonnent ne se contentent pas d\'acheter l\'accès à des histoires; ils financent efficacement les rapports eux-mêmes.\\n\\nBien sûr, convaincre les gens de payer n\'est pas facile. Beaucoup de lecteurs se sont habitués à du contenu gratuit et paient déjà plusieurs abonnements de divertissement. Les points de vente locaux qui réussissent répondent aux offres d\'adhésion qui comprennent des bulletins d\'information, des événements en direct et des façons directes de parler avec les journalistes. Plus une communauté voit son point de presse comme une ressource civique commune plutôt qu\'un simple site Web, plus les gens sont disposés à le soutenir.\\n\\nL\'avenir à long terme des nouvelles locales sera probablement un mélange d\'abonnements, de philanthropie et de publicité limitée. Mais les paywalls jouent un rôle central dans cette transition, poussant les salles de presse à se concentrer sur la profondeur, la qualité et la confiance au lieu de chasser les pages vues.\"}','2025-12-03 18:50:44'),(13,2,'zh','{\"title\":\"AI-Powered 翻译如何转换本地新闻\",\"content\":\"数十年来,当地报纸一直奋力解决一个简单的问题:语言. 即使一个城市是多语种的,大多数地方的出入口也只用一门语言出版,使得大部分人口无法轻易地获得有关政治,学校,交通和公共安全的重要信息. 最近人工智能翻译的进展正在改变这一点。\\n\\n现代神经翻译模型远比2000年代早期使用的有章可循系统更准确. 他们不是逐字翻译,而是从上百万个句子中学习规律,这帮助他们更好地抓住上下文,平庸和语气. 对于当地的新闻室来说,这意味着他们可以在几秒钟内翻译出长篇的文章,然后让编辑迅速审查产出,而不是从零开始支付完整的人文翻译费.\\n\\n然而,AI翻译并不是一个神奇的解决方案. 编辑器仍需要检查姓名,数字和文化上敏感的短语. 某些类型的内容,如意见片或讽刺,往往需要更仔细地改写来避免误解. 许多新闻室采用混合工作流程: 大赦国际编写了初稿,双语记者或自由职业者在出版前对案文进行了完善。\\n\\n尽管存在这些局限性,但对接触的影响已经很明显。 在几个试点项目中,推出其最重要故事翻译版本的地方机构报告说,以前服务不足的移民社区的读者人数大幅增加。 一些城市还尝试实时翻译紧急警报,确保几分钟内以多种语言提供极端天气或健康风险的关键信息.\\n\\n下一个挑战是围绕这些工具建立可持续的商业模式。 翻译为读者创造了更多的价值,但也增加了编辑工作量和基础设施成本. 赠款、公共资金和基于订阅的翻译服务都正在作为可能的解决办法进行讨论。 显然,AIPower翻译已不再是一种未来实验,它正在迅速成为当地新闻室如何为整个社区服务的核心部分.\"}','2025-12-03 19:07:57'),(14,2,'fr','{\"title\":\"Comment la traduction assistée par l\'IA transforme les nouvelles locales\",\"content\":\"Pendant des décennies, les journaux locaux se sont heurtés à un problème simple : la langue. Même lorsqu\'une ville est multilingue, la plupart des points de vente locaux ne publient que dans une seule langue, laissant une grande partie de la population sans accès facile à des informations importantes sur la politique, les écoles, les transports et la sécurité publique. Les progrès récents dans la traduction de l\'intelligence artificielle commencent à changer cela.\\n\\nLes modèles modernes de traduction neurale sont beaucoup plus précis que les systèmes fondés sur des règles utilisés au début des années 2000. Au lieu de traduire mot par mot, ils apprennent des modèles de millions de phrases, ce qui les aide à mieux saisir le contexte, les idiomes et le ton. Pour les salles de presse locales, cela signifie qu\'elles peuvent traduire de longs articles en quelques secondes et ensuite avoir un éditeur rapidement passer en revue la sortie, au lieu de payer pour une traduction humaine complète à partir de zéro.\\n\\nCependant, la traduction AI n\'est pas une solution magique. Les éditeurs doivent toujours vérifier les noms, les numéros et les phrases culturellement sensibles. Certains types de contenu, comme les pièces d\'opinion ou la satire, nécessitent souvent une réécriture plus soigneuse pour éviter les malentendus. De nombreuses salles de presse adoptent un flux de travail hybride : AI produit un premier projet, et des journalistes bilingues ou des freelances peaufinent le texte avant publication.\\n\\nMalgré ces limites, l\'impact sur la portée est déjà visible. Dans plusieurs projets pilotes, les points de vente locaux qui ont présenté des versions traduites de leurs histoires les plus importantes ont signalé une augmentation importante du nombre de lecteurs provenant de communautés d\'immigrants qui étaient auparavant mal desservies. Certaines villes expérimentent également la traduction en temps réel des alertes d\'urgence, en veillant à ce que des informations critiques sur les phénomènes météorologiques extrêmes ou les risques pour la santé soient disponibles en plusieurs langues en quelques minutes.\\n\\nLe prochain défi consistera à élaborer des modèles d\'affaires durables autour de ces outils. La traduction crée plus de valeur pour les lecteurs, mais elle augmente également la charge de travail éditoriale et les coûts d\'infrastructure. Les subventions, le financement public et les services de traduction par abonnement sont tous des solutions possibles. Ce qui est clair, c\'est que la traduction assistée par l\'IA n\'est plus une expérience futuriste, elle devient rapidement un élément central de la façon dont les salles de nouvelles locales peuvent servir toute leur communauté.\"}','2025-12-03 19:08:17'),(15,2,'it','{\"title\":\"Come AI-Powered Traduzione sta trasformando le notizie locali\",\"content\":\"Per decenni, i giornali locali hanno lottato con un semplice problema: la lingua. Anche quando una città è poliglotta, la maggior parte dei punti vendita locali pubblica solo in una singola lingua, lasciando grandi parti della popolazione senza facile accesso a informazioni importanti su politica, scuole, trasporti e sicurezza pubblica. Recenti progressi nella traduzione AI stanno iniziando a cambiare questo.\\n\\nI moderni modelli di traduzione neurale sono molto più precisi dei sistemi basati sulle regole utilizzati nei primi anni 2000. Invece di tradurre parola per parola, imparano modelli da milioni di frasi, che li aiuta a meglio catturare contesto, idiomi e tono. Per le newsroom locali, questo significa che possono tradurre articoli lunghi in pochi secondi e poi avere un editor di rivedere rapidamente l\'output, invece di pagare per una traduzione umana completa da zero.\\n\\nTuttavia, la traduzione AI non è una soluzione magica. Gli editor devono ancora controllare nomi, numeri e frasi culturalmente sensibili. Alcuni tipi di contenuti, come i pezzi di opinione o la satira, richiedono spesso una riscrittura più attenta per evitare malintesi. Molte newsroom stanno adottando un flusso di lavoro ibrido: AI produce una prima bozza e giornalisti bilingue o freelance perfezionano il testo prima della pubblicazione.\\n\\nNonostante queste limitazioni, l\'impatto sulla portata è già visibile. In diversi progetti pilota, i punti vendita locali che hanno introdotto versioni tradotte delle loro storie più importanti hanno riferito un significativo aumento del lettore da parte delle comunità immigrate che erano precedentemente sottoserve. Alcune città stanno anche sperimentando la traduzione in tempo reale di avvisi di emergenza, assicurandosi che le informazioni critiche sui rischi meteorologici estremi o sanitari siano disponibili in più lingue in pochi minuti.\\n\\nLa prossima sfida sarà la costruzione di modelli di business sostenibili intorno a questi strumenti. La traduzione crea più valore per i lettori, ma aumenta anche il carico di lavoro editoriale e i costi delle infrastrutture. Le sovvenzioni, i finanziamenti pubblici e i servizi di traduzione abbonati sono tutti discussi come possibili soluzioni. Ciò che è chiaro è che la traduzione AIpowered non è più un esperimento futuristico che sta rapidamente diventando una parte fondamentale di come le newsroom locali possono servire la loro intera comunità.\"}','2025-12-03 19:08:32'),(16,5,'ar','{\"title\":\"النشرات الإخبارية بوصفها الجبهة الجديدة\",\"content\":\"افتحي بريدك الإلكتروني في الصباح وستجدين على الأقل رسالة إخبارية مشفّرة تلخص قصص اليوم ما بدأ كقناة توزيع بسيطة أصبح أحد أهم الأدوات لغرفة الأخبار وتنشئ النشرات الإخبارية علاقة مباشرة مع القراء الذين لا يغلب عليهم الخوارزميات أو وسائل الإعلام الاجتماعية.\\n\\nبالنسبة للمنافذ المحلية، هذه العلاقة قيمة بشكل خاص. ويمكن أن تبرز جلسة إحاطة صباحية مصممة تصميما جيدا قرارات مجالس المدن، وتنبيهات الطقس، وتحديث المدارس، والأحداث المجتمعية في عدد قليل فقط من الفقرات. ومن الأرجح أن ينتقل القراء الذين يعتمدون على الرسالة الإخبارية الموجهة إلى المقالات الكاملة، وأن يصبحوا في نهاية المطاف مشتركين.\\n\\nرسائل إخبارية ناجحة توازن بين الفائدة والشخصية وهي توفر وصلات وملخصات واضحة، ولكن لها أيضا صوت مشهود به. ويشتمل العديد من المحررين على مذكرات قصيرة تشرح لماذا تهم القصة أو كيفية الإبلاغ عنها. وتساعد هذه الشفافية على بناء الثقة في وقت يسهل فيه نشر المعلومات الخاطئة.\\n\\nومع تزايد ازدحام الصناديق، سيزداد الضغط على إيصال القيمة في كل طبعة. غرف الأخبار التي تعامل رسائلها الإخبارية على أنها منتجة أساسية أكثر من النظرة بعد ذلك.\"}','2025-12-03 20:22:18'),(17,2,'de','{\"title\":\"Wie KI-Powered-Übersetzung lokale Nachrichten transformiert\",\"content\":\"Seit Jahrzehnten haben lokale Zeitungen mit einem einfachen Problem gekämpft: Sprache. Auch wenn eine Stadt mehrsprachig ist, veröffentlichen die meisten lokalen Steckdosen nur in einer einzigen Sprache, so dass große Teile der Bevölkerung ohne einfachen Zugang zu wichtigen Informationen über Politik, Schulen, Transport und öffentliche Sicherheit. Die jüngsten Fortschritte in der KI-Übersetzung beginnen, das zu ändern.\\n\\nModerne neurale Translationsmodelle sind viel genauer als die in den frühen 2000er Jahren verwendeten regelbasierten Systeme. Anstatt Wort nach Wort zu übersetzen, lernen sie Muster aus Millionen von Sätzen, die ihnen helfen, Kontext, Idiome und Ton besser zu erfassen. Für lokale Newsrooms bedeutet das, dass sie lange Artikel in Sekunden übersetzen können und dann einen Editor schnell die Ausgabe überprüfen, anstatt für eine vollständige menschliche Übersetzung von Grund auf zu zahlen.\\n\\nKI-Übersetzung ist jedoch keine magische Lösung. Editoren müssen immer noch Namen, Zahlen und kulturell sensible Phrasen überprüfen. Bestimmte Arten von Inhalten, wie Meinungsstücke oder Satire, erfordern oft eine sorgfältigere Neuschrift, um Missverständnisse zu vermeiden. Viele Newsrooms übernehmen einen hybriden Workflow: AI produziert einen ersten Entwurf, und zweisprachige Journalisten oder Freiberufler verfeinern den Text vor der Veröffentlichung.\\n\\nTrotz dieser Einschränkungen ist der Einfluss auf die Reichweite bereits sichtbar. In mehreren Pilotprojekten berichteten lokale Verkaufsstellen, die übersetzte Versionen ihrer wichtigsten Geschichten eingeführt hatten, eine signifikante Zunahme der Leserschaft von Immigrantengemeinschaften, die zuvor unterbewertet wurden. Einige Städte experimentieren auch mit Echtzeit-Übersetzung von Notfallalarmen, um sicherzustellen, dass kritische Informationen über extreme Wetter- oder Gesundheitsrisiken innerhalb von Minuten in mehreren Sprachen verfügbar sind.\\n\\nDie nächste Herausforderung wird es sein, nachhaltige Geschäftsmodelle um diese Werkzeuge zu bauen. Übersetzung schafft mehr Wert für Leser, aber es erhöht auch redaktionelle Arbeitsbelastung und Infrastrukturkosten. Zuwendungen, öffentliche Förder- und Subskriptionsdienste werden als mögliche Lösungen diskutiert. Es ist klar, dass AIpowered Translation nicht mehr ein futuristisches Experiment ist, es wird schnell ein Kernteil davon, wie lokale Newsrooms ihre ganze Gemeinschaft bedienen können.\"}','2025-12-03 20:30:26'),(18,2,'ko','{\"title\":\"AI-Powered Translation는 현지 뉴스를 전달하는 방법\",\"content\":\"수십 년 동안 현지 신문은 하나의 간단한 문제로 투쟁했습니다. 언어. 도시가 다언어일 때, 대부분의 로컬 아울렛은 단일 언어로 출판되며, 정치, 학교, 교통 및 공공 안전에 대한 중요한 정보에 접근하지 않고 인구의 큰 부분을 떠나고 있습니다. AI 번역의 최근 발전은 그 변경을 시작합니다.\\n\\n현대 신경 번역 모델은 초기 2000 년대에 사용되는 룰 기반 시스템보다 훨씬 정확합니다. 단어로 단어를 번역하는 대신, 그들은 더 나은 캡처 컨텍스트, idioms 및 톤을 돕는 수백만 문장에서 패턴을 배울. 로컬 뉴스룸의 경우, 이것은 그들이 몇 초안에 긴 기사를 번역할 수 있고 그 후에 편집자는 빨리 찰상에서 가득 차있는 인간적인 번역을 위해 지불하는 대신 산출을 검토합니다.\\n\\n그러나 AI 번역은 마술 솔루션이 아닙니다. 편집기는 여전히 이름, 숫자 및 문화적으로 민감한 구문을 확인해야합니다. 특정 유형의 내용, 같은 의견 조각 또는 satire, 종종 더 많은 주의적인 rewriting to avoid misunderstanding. 많은 뉴스룸은 하이브리드 워크플로우를 채택하고 있습니다. AI는 첫 번째 초안과 이중 언어 기자 또는 프리랜서가 출판하기 전에 텍스트를 정제합니다.\\n\\n이러한 제한에도 불구하고, 도달에 미치는 영향은 이미 볼 수 있습니다. 몇 가지 파일럿 프로젝트에서, 그들의 가장 중요한 이야기의 번역 된 버전을 도입 한 지역 출구는 이전에 보존 된 이민 커뮤니티의 독자적인 증가를보고. 일부 도시는 긴급 경고의 실시간 번역으로 실험하고, 극단적 인 날씨 또는 건강 위험에 대한 중요한 정보가 몇 분 안에 여러 언어로 제공됩니다.\\n\\n다음 도전은 이러한 도구의 지속 가능한 비즈니스 모델을 구축 할 것입니다. 번역은 독자들에게 더 많은 가치를 창출하지만, 에디터의 워크로드와 인프라 비용을 증가시킵니다. Grants, public funding and subscriptionbased translation services are all being discussed as possible solution. 분명히 AIpowered 번역은 더 이상 미래 실험이 아니라 로컬 뉴스룸이 전체 커뮤니티를 봉사 할 수있는 핵심 부분이 될 것입니다.\"}','2025-12-03 20:30:50'),(19,3,'ar','{\"title\":\"وراء الجدار: لماذا الأخبار المحلية تحتاج للمجندين إلى البقاء\",\"content\":\"ولسنوات عديدة، تعتمد الصحف المحلية كليا تقريبا على الإعلان. وتُقيَّد المصنفات والإعلانات المطبوعة والإضافات المدفوعة للمراسلين الذين حضروا اجتماعات مجالس المدارس، ويتبعون ميزانيات المدن ويغطيون رياضات المدارس الثانوية. وقد انهار هذا النموذج عندما تحولت الدولار إلى منابر رقمية كبيرة، مما ترك منافذ محلية مع انخفاض عدد غرف الأنباء وزيادة فجوات التغطية.\\n\\nوخطوط الأجور والاشتراكات الرقمية هي إحدى الطرق التي تحاول بها غرف الأنباء إعادة بناء عمل مستدام. وبدلاً من أن يعاملوا الموقع على شبكة الإنترنت كمنحة مجانية، يقدمون الصحافة كخدمة تستحق الدفع من أجلها مثل بث الفيديو أو الموسيقى. والقراء الذين يشاركون لا يشترون فقط الوصول إلى القصص؛ وهم يمولون بشكل فعال التقارير نفسها.\\n\\nبالطبع، إقناع الناس بالدفع ليس سهلاً وقد استُخدم كثير من القراء للمحتوى الحر وهم يدفعون بالفعل مقابل عدة اشتراكات في الترفيه. وتستجيب المنافذ المحلية الناجحة للعروض التي تشمل الرسائل الإخبارية والأحداث الحية وسبل التحدث مع الصحفيين. وكلما رأى المجتمع المحلي منفذه الإخبارية كمورد مدني مشترك بدلا من مجرد موقع على شبكة الإنترنت، فإن الناس الأكثر استعدادا لدعمه.\\n\\nومن المرجح أن يكون المستقبل الطويل الأجل للأنباء المحلية مزيجا من الاشتراكات، والفلسفة، والإعلانات المحدودة. غير أن جدران الدفع تؤدي دوراً محورياً في هذا الانتقال، مما يدفع غرف الأنباء إلى التركيز على العمق والجودة والثقة بدلاً من مطاردة آراء الصفحات.\"}','2025-12-11 08:54:23'),(20,3,'zh','{\"title\":\"在活墙后面: 为什么本地新闻需要订阅者来生存\",\"content\":\"多年来,当地报纸几乎完全依赖广告。 参加学校董事会会议的记者的分类、印刷广告和插件,遵循城市预算并覆盖高中体育。 当广告美元转向大型数字平台时,这一模式崩溃了,使当地机构的新闻室不断缩小,报道差距越来越大。\\n\\n付费墙和数字订阅是新闻室试图重建可持续业务的方式之一。 他们不把网站视为免费赠送,而是将新闻业视为一种值得像流媒体或音乐一样花钱的服务。 订阅的读者不仅仅是购买获取故事的机会,而是为报道本身提供有效的资金。\\n\\n当然,说服人们付出代价并不容易。 许多读者已经习惯于免费内容,并且已经支付一些娱乐订阅费. 成功的当地机构正在响应会员式的提议,其中包括通讯、现场活动和直接与记者交谈的方式。 社会越将新闻发布视为共同的公民资源,\\n\\n当地新闻的长期未来很可能是订阅、慈善和有限广告的混合。 但付费墙在这场过渡中发挥着中心作用,推动新闻室注重深度,质量和信任,而不是追逐页面浏览.\"}','2025-12-11 08:54:49'),(21,3,'es','{\"title\":\"Detrás del Paywall: ¿Por qué las noticias locales necesitan suscriptores para sobrevivir\",\"content\":\"Durante muchos años, los periódicos locales dependían casi totalmente de la publicidad. Clasificados, anuncios impresos e insertos pagados por los reporteros que asistieron a las reuniones de la junta escolar, siguieron los presupuestos de la ciudad y cubrieron los deportes de secundaria. Ese modelo se derrumbó cuando los dólares ad se desplazaron a grandes plataformas digitales, dejando los puntos de venta locales con la reducción de las salas de noticias y las crecientes brechas de cobertura.\\n\\nPaywalls y suscripciones digitales son de una manera que las salas de prensa están tratando de reconstruir un negocio sostenible. En lugar de tratar el sitio web como un regalo gratuito, presentan el periodismo como un servicio que vale la pena pagar por igual como streaming de vídeo o música. Los lectores que se suscriben no están simplemente comprando acceso a las historias; están financiando efectivamente el propio informe.\\n\\nPor supuesto, convencer a la gente para que pague no es fácil. Muchos lectores se han utilizado para el contenido libre y ya están pagando por varias suscripciones de entretenimiento. Los exitosos medios locales están respondiendo con ofertas de estilo de membresía que incluyen boletines informativos, eventos en vivo y formas directas de hablar con periodistas. Mientras más una comunidad ve su salida de noticias como un recurso cívico compartido en lugar de sólo un sitio web, las personas más dispuestas son apoyarlo.\\n\\nEl futuro a largo plazo de las noticias locales probablemente será una mezcla de suscripciones, filantropía y publicidad limitada. Pero las paredes de pago están jugando un papel central en esta transición, empujando a las salas de noticias a centrarse en la profundidad, la calidad y la confianza en lugar de perseguir las vistas de la página.\"}','2025-12-14 08:45:51'),(22,4,'es','{\"title\":\"De Print a Podcast: Cómo los Newsrooms están reemplazando sus mejores historias\",\"content\":\"El diario llegaba sólo en una forma: tinta en papel. Hoy en día, muchas de las mismas salas de prensa están experimentando con series de audio, minidocumentarios y clips sociales que remezclan su reportaje para nuevos públicos. El objetivo es gente sencilla donde están, ya sea en un viaje, en el gimnasio o desplazarse por teléfono.\\n\\nConvertir un largo artículo de investigación en un podcast, por ejemplo, permite a los reporteros traer clips de entrevista, sonido ambiente y narración que pueden hacer que temas complejos se sientan más personales. Algunos medios incluso están construyendo pequeños estudios de audio dentro de sus oficinas para que los periodistas puedan registrar actualizaciones a medida que se desarrollan historias.\\n\\nEste cambio no significa que los artículos escritos están desapareciendo. En su lugar, forman la columna vertebral de una estrategia multiformato. Un solo proyecto de presentación de informes podría generar un artículo de características, un vídeo explicativo, un episodio de podcast y un breve post social que resume el hallazgo clave. Cuando todos estos formatos se unen entre sí, los lectores pueden elegir lo profundo que quieren ir.\\n\\nPara los noticieros locales, el mayor desafío es la capacidad. Producir audio y vídeo de calidad requiere nuevas habilidades y equipos. Muchos se asocian con universidades o productores independientes para compartir conocimientos especializados manteniendo el control editorial interna.\"}','2025-12-14 08:45:53'),(23,5,'es','{\"title\":\"Newsletters as the New Front Page\",\"content\":\"Abra su correo electrónico por la mañana y es probable que encuentre al menos un boletín curado resumiendo las mejores historias del día. Lo que comenzó como un simple canal de distribución se ha convertido en una de las herramientas más importantes para las salas de prensa. Los boletines crean una relación directa con los lectores que no está filtrada por algoritmos o redes sociales.\\n\\nPara los outlets locales, esta relación es especialmente valiosa. Una sesión informativa bien diseñada de la mañana puede poner de relieve las decisiones del ayuntamiento, las alertas meteorológicas, las actualizaciones escolares y los eventos comunitarios en unos pocos párrafos. Los lectores que confían en el boletín para orientación son más propensos a hacer clic a través de los artículos completos y, en última instancia, a convertirse en suscriptores.\\n\\nLos boletines exitosos equilibran la utilidad y la personalidad. Proporcionan enlaces y resúmenes claros, pero también tienen una voz reconocible. Muchos editores incluyen notas breves que explican por qué una historia importa o cómo se informó. Esa transparencia ayuda a crear confianza en un momento en que la desinformación es fácil de difundir.\\n\\nA medida que las cajas se llenan más, la presión para ofrecer valor en cada edición sólo crecerá. Newsrooms que tratan sus boletines como un producto básico más que un afterthoughtare ya viendo mayor compromiso y mayor lealtad de los lectores.\"}','2025-12-14 08:45:54'),(24,2,'es','{\"title\":\"Cómo la traducción impulsada por AI está transformando las noticias locales\",\"content\":\"Durante décadas, los periódicos locales han luchado con un simple problema: el lenguaje. Incluso cuando una ciudad es multilingüe, la mayoría de los locales sólo publican en un solo idioma, dejando grandes partes de la población sin fácil acceso a información importante sobre política, escuelas, transporte y seguridad pública. Los avances recientes en la traducción de AI están empezando a cambiar eso.\\n\\nLos modelos modernos de traducción neuronal son mucho más precisos que los sistemas basados en normas utilizados a principios de los años 2000. En lugar de traducir palabra por palabra, aprenden patrones de millones de frases, lo que les ayuda a captar mejor el contexto, las expresiones y el tono. Para las salas de prensa locales, esto significa que pueden traducir artículos largos en segundos y luego tener un editor revisar rápidamente la salida, en lugar de pagar una traducción humana completa desde cero.\\n\\nSin embargo, la traducción de AI no es una solución mágica. Los editores todavía necesitan comprobar nombres, números y frases culturalmente sensibles. Ciertos tipos de contenido, como piezas de opinión o sátira, a menudo requieren una reescritura más cuidadosa para evitar malentendidos. Muchas salas de prensa están adoptando un flujo de trabajo híbrido: AI produce un primer borrador, y periodistas bilingües o freelancers refinan el texto antes de la publicación.\\n\\nA pesar de estas limitaciones, el impacto en el alcance ya es visible. En varios proyectos piloto, los medios locales que presentaron versiones traducidas de sus historias más importantes reportaron un aumento significativo en el número de lectores de comunidades inmigrantes que anteriormente eran insuficientes. Algunas ciudades también están experimentando con la traducción en tiempo real de alertas de emergencia, asegurándose de que la información crítica sobre el clima extremo o los riesgos de salud está disponible en varios idiomas en cuestión de minutos.\\n\\nEl próximo desafío será construir modelos de negocio sostenibles en torno a estas herramientas. La traducción crea más valor para los lectores, pero también aumenta el volumen de trabajo editorial y los costos de infraestructura. Las subvenciones, la financiación pública y los servicios de traducción basados en la suscripción se examinan como posibles soluciones. Lo que está claro es que la traducción impulsada por AI ya no es un experimento futurista que se está convirtiendo rápidamente en una parte fundamental de cómo las salas de noticias locales pueden servir a toda su comunidad.\"}','2025-12-14 08:45:55'),(25,4,'de','{\"title\":\"Von Print bis Podcast: Wie Newsrooms ihre besten Geschichten umsetzen\",\"content\":\"Die Tageszeitung kam nur in einer Form an: Tinte auf Papier. Heute experimentieren viele der gleichen Newsrooms mit Audio-Serien, Minidokumentaren und sozialen Clips, die ihre Berichterstattung für neue Publikum wieder mischen. Das Ziel ist einfache Leute, wo sie sind, ob auf einer Straße, im Fitnessstudio oder Scrolling auf einem Telefon.\\n\\nEin langer Untersuchungsartikel in eine Podcast zu verwandeln, ermöglicht Reportern, Interviewclips, Umgebungsgeräusche und Erzählungen einzubringen, die komplexe Themen persönlicher fühlen können. Einige Outlets bauen sogar kleine Audiostudios in ihren Büros, so dass Journalisten Updates aufnehmen können, wenn Geschichten entstehen.\\n\\nDiese Verschiebung bedeutet nicht, dass geschriebene Artikel verschwinden. Stattdessen bilden sie das Rückgrat einer Multiformatstrategie. Ein einziges Reporting-Projekt kann einen Feature-Artikel, ein Erklärer-Video, eine Podcast-Folge und einen kurzen Social-Post zur Zusammenfassung der Schlüsselfindung generieren. Wenn alle diese Formate miteinander verlinken, können die Leser wählen, wie tief sie gehen wollen.\\n\\nFür lokale Newsrooms ist die größte Herausforderung die Kapazität. Qualität Audio und Video zu produzieren erfordert neue Fähigkeiten und Ausrüstung. Viele sind mit Universitäten oder unabhängigen Produzenten zusammenarbeiten, um Know-how zu teilen, während die redaktionelle Kontrolle inhouse bleibt.\"}','2025-12-14 08:46:46'),(26,4,'ar','{\"title\":\"من المطبوع إلى Podcast: How Newsrooms are Repacking their Best Stories\",\"content\":\"The daily newspaper used to arrive only in one form: ink on paper. واليوم، يختبر العديد من نفس غرف الأنباء سلسلة سمعية، ووثائق صغيرة، ومقاطع اجتماعية تعيد صياغة تقاريرها لجمهور جديد. الهدف بسيط للناس حيث هم، سواء كان ذلك على مظلة، في صالة الألعاب الرياضية أو على الهاتف.\\n\\nوعلى سبيل المثال، فإن تحويل مقالة تحقيق طويلة إلى دوامة، يتيح للمراسلين جلب مقاطع المقابلات، والصوت الملموس، والمناورة التي يمكن أن تجعل المواضيع المعقدة أكثر شخصية. Some outlets are even building small audio Stus inside their offices so that journalists can record updates as stories develop.\\n\\nهذا التحول لا يعني أن المقالات المكتوبة تختفي وبدلا من ذلك، فإنها تشكل العمود الفقري لاستراتيجية متعددة الأشكال. A single reporting project might generate a feature article, an explainer video, a podcast episode and a short social post summarizing the key finding. عندما يربط كل هذه الأشكال بعضها ببعض، يمكن للقراء أن يختاروا مدى عمق رغبتهم في الذهاب.\\n\\nفي غرف الأخبار المحلية، أكبر تحدي هو القدرة. ويتطلب إنتاج مواد صوتية وفيديوية عالية الجودة مهارات ومعدات جديدة. ويشترك كثيرون مع الجامعات أو المنتجين المستقلين في تبادل الخبرات مع الحفاظ على الرقابة التحريرية الداخلية.\"}','2025-12-14 08:50:19'),(27,3,'de','{\"title\":\"Hinter der Paywall: Warum lokale Nachrichten Abonnenten zum Überleben benötigen\",\"content\":\"Seit vielen Jahren haben lokale Zeitungen fast ausschließlich auf Werbung gelogen. Kleinanzeigen, Druckanzeigen und Einlagen, die für die Reporter bezahlt wurden, die an Schultafelsitzungen teilgenommen haben, folgten den Stadtbudgets und bedeckten High School-Sport. Dieses Modell brach zusammen, wenn Ad-Dollar auf große digitale Plattformen verschoben, verlassen lokale Steckdosen mit schrumpfenden Newsrooms und wachsende Deckung Lücken.\\n\\nPaywalls und digitale Abonnements sind eine Möglichkeit, Newsrooms versuchen, ein nachhaltiges Geschäft wieder aufzubauen. Anstatt die Website als kostenloses Giveaway zu behandeln, präsentieren sie Journalismus als einen Dienst, der es wert ist, dafür zu zahlen, wie Streaming Video oder Musik. Leser, die sich abonnieren, kaufen nicht einfach Zugang zu Geschichten; sie finanzieren die Berichterstattung selbst effektiv.\\n\\nNatürlich ist überzeugende Menschen zu zahlen nicht einfach. Viele Leser haben sich zum kostenlosen Inhalt gewöhnt und zahlen bereits für mehrere Unterhaltungs-Abonnements. Erfolgreiche lokale Outlets reagieren mit Mitgliedschaft-Stil-Angebote, die Newsletter, Live-Ereignisse und direkte Möglichkeiten, mit Reportern zu sprechen. Je mehr eine Gemeinschaft ihre Nachrichten-Ausgang als eine gemeinsame Bürger Ressource sieht, anstatt nur eine Website, desto bereiter Menschen sind es, sie zu unterstützen.\\n\\nDie langfristige Zukunft der lokalen Nachrichten wird wahrscheinlich eine Mischung aus Abonnements, Philanthropie und begrenzte Werbung sein. Aber Paywalls spielen eine zentrale Rolle in diesem Übergang, Push-Newsrooms, um sich auf Tiefe, Qualität und Vertrauen zu konzentrieren, anstatt Seite Ansichten zu verfolgen.\"}','2025-12-14 09:29:47'),(28,5,'de','{\"title\":\"Newsletter als Neue Frontseite\",\"content\":\"Öffnen Sie Ihre E-Mail am Morgen und Sie werden wahrscheinlich mindestens einen kuratierten Newsletter finden, der die Top-Geschichten des Tages zusammenfasst. Was als einfacher Vertriebskanal begann, ist zu einem der wichtigsten Tools für Newsrooms geworden. Newsletter erstellen eine direkte Beziehung zu Lesern, die nicht durch Algorithmen oder Social Media Feeds gefiltert werden.\\n\\nFür lokale Steckdosen ist diese Beziehung besonders wertvoll. Ein gut gestalteter Morgenbriefing kann Stadtratsentscheidungen, Wetterwarnungen, Schulaktualisierungen und Gemeinschaftsveranstaltungen in nur wenigen Punkten hervorheben. Leser, die sich auf den Newsletter für die Orientierung verlassen, sind wahrscheinlicher, durch zu vollständigen Artikeln zu klicken und schließlich, um Abonnenten zu werden.\\n\\nErfolgreiche Newsletter Balance Nutzen und Persönlichkeit. Sie bieten klare Links und Zusammenfassungen, aber sie haben auch eine erkennbare Stimme. Viele Editoren enthalten kurze Notizen, die erklären, warum eine Geschichte zählt oder wie sie berichtet wurde. Diese Transparenz hilft, Vertrauen zu einer Zeit aufzubauen, in der Fehlinformationen leicht zu verbreiten sind.\\n\\nDa die Postfächer mehr überfüllt werden, wird der Druck, Wert in jeder Ausgabe zu liefern, nur wachsen. Newsrooms, die ihre Newsletter als Kernprodukt behandeln, als ein Afterthoughtare bereits mehr Engagement und eine stärkere Leserbindung sehen.\"}','2025-12-14 09:29:53'),(29,7,'de','{\"title\":\"Die stille Revolution: Wie Edge Computing das Internet umgestaltet\",\"content\":\"Seit Jahren ist Cloud Computing das Rückgrat moderner digitaler Dienste. Von Streaming-Plattformen bis zur Enterprise-Software haben zentrale Rechenzentren alles hinter den Kulissen betrieben. Aber da Anwendungen schnellere Reaktionen und Echtzeit-Intelligenz erfordern, wird ein neues Paradigma leise übernommen: Edge Computing.\\n\\nWas ist Edge Computing?\\n\\nEdge Computing verschiebt die Datenverarbeitung näher, wo sie erzeugt wird – auf Geräten wie Smartphones, Sensoren, Fahrzeuge und lokalen Servern – anstatt alles in entfernte Cloud-Datenzentren zu senden. Diese Nähe reduziert die Latenz drastisch, verbessert die Zuverlässigkeit und senkt die Bandbreitenkosten.\\n\\nAnstatt „Kann die Wolke damit umgehen?“ fragen die Ingenieure jetzt: „Können diese Daten sogar das Gerät verlassen? „\\n\\nWarum Edge Computing jetzt\\n\\nMehrere technologische Verschiebungen haben Edge Computing nicht nur nützlich, sondern notwendig gemacht:\\n\\n5G Netzwerke ermöglichen ultra-niedrige Latenzkommunikation\\n\\nIoT Explosion hat Milliarden von angeschlossenen Geräten eingeführt\\n\\nKI an der Kante ermöglicht on-device Entscheidungsfindung\\n\\nDatenschutzbestimmungen beschränken unnötige Datentransfers\\n\\nFür Anwendungen wie autonomes Fahren, industrielle Automatisierung oder Remote Healthcare sind Millisekunden wichtig – und die Cloud allein ist oft zu langsam.\\n\\nReal-World Anwendungen\\nSmart Cities\\n\\nVerkehrsleuchten, die sich in Echtzeit anpassen, Überwachungssysteme, die Anomalien sofort erkennen, und Energienetze, die sich selbst optimieren alle auf Edge Computing verlassen.\\n\\nGesundheit\\n\\nWearable Geräte können Patientendaten lokal analysieren, Alarme auslösen, ohne auf die Cloud-Verarbeitung zu warten – möglicherweise Leben retten.\\n\\nInhalt Lieferung & Medien\\n\\nEdge-Server reduzieren die Pufferung, verbessern die Streaming-Qualität und personalisieren die Content-Lieferung näher an den Benutzer.\\n\\nEdge vs Cloud: Kein Ersatz\\n\\nTrotz häufiger Missverständnisse ersetzt Edge Computing die Cloud nicht. Stattdessen ergänzt es es.\\n\\nKantengriffe Echtzeitverarbeitung und Filterung\\n\\nCloud verwaltet Langzeitspeicherung, Analytik und Orchestrierung\\n\\nDie Zukunft gehört zu hybriden Architekturen, in denen Intelligenz über Geräte, Randknoten und zentralisierte Wolken verteilt wird.\\n\\nSicherheit am Rand\\n\\nDie Verarbeitung von Daten reduziert lokal die Exposition, führt aber auch neue Sicherheitsprobleme ein. Edge-Geräte sind oft physisch zugänglich und weit verbreitet, so dass sie härter, um gleichmäßig zu sichern. Verschlüsselung, Geräteauthentifizierung und sichere Firmware-Updates sind nun kritische Komponenten der Edge-Infrastruktur.\\n\\nDie Straße\\n\\nDa KI-Modelle kleiner und effizienter werden, erwarten mehr Intelligenz sich von zentralisierten Systemen zu entfernen. Edge Computing spielt eine Schlüsselrolle in:\\n\\nAutonome Systeme\\n\\nPersonalisierte digitale Erfahrungen\\n\\nEchtzeitanalyse\\n\\nNachhaltiges Computing durch Reduzierung der Datenübertragung\\n\\nDas Internet ist nicht mehr nur zentralisiert – es wird überall.\"}','2025-12-17 17:42:22'),(30,4,'nl','{\"title\":\"Van afdrukken tot podcast: hoe Newsrooms hun beste verhalen herverpakking\",\"content\":\"De krant kwam vroeger maar in één vorm aan: inkt op papier. Vandaag de dag experimenteren veel van dezelfde nieuwskamers met audioseries, minidocumentaires en social clips die hun remixen voor nieuwe doelgroepen. Het doel is simpelweg mensen ontmoeten waar ze zijn, of dat nu op een pendelreis is, in de sportschool of scrollen op een telefoon.\\n\\nHet omzetten van een lang onderzoeksartikel in een podcast, bijvoorbeeld, stelt verslaggevers in staat interviewclips, ambient sound en vertelling in te brengen die complexe onderwerpen persoonlijker kunnen maken. Sommige outlets bouwen zelfs kleine audiostudio\'s in hun kantoren zodat journalisten updates kunnen opnemen naarmate verhalen zich ontwikkelen.\\n\\nDeze verschuiving betekent niet dat geschreven artikelen verdwijnen. In plaats daarvan vormen ze de ruggengraat van een multiformatstrategie. Een enkel rapportageproject kan een functieartikel, een uitlegvideo, een podcast episode en een korte sociale post genereren waarin de belangrijkste bevindingen worden samengevat. Wanneer al deze formaten link naar elkaar, lezers kunnen kiezen hoe diep ze willen gaan.\\n\\nVoor lokale nieuwszalen is de grootste uitdaging capaciteit. Het produceren van kwaliteit audio en video vereist nieuwe vaardigheden en apparatuur. Velen werken samen met universiteiten of onafhankelijke producenten om expertise te delen en tegelijkertijd de redactionele controle intern te houden.\"}','2025-12-17 19:40:54'),(31,3,'ko','{\"title\":\"Paywall 뒤에: 왜 지역 뉴스가 Survive에 가입자가 필요합니까\",\"content\":\"몇 년 동안, 지역 신문은 거의 완전히 광고에 의존. 분류, 인쇄 광고 및 삽입 학교 보드 회의에 참석 한 기자에 대 한 지불, 다음 도시 예산 및 커버 고등학교 스포츠. 이 모델은 광고 달러가 큰 디지털 플랫폼으로 이동했을 때 축소 뉴스룸과 증가 범위 간격으로 지역 출구를 떠난다.\\n\\nPaywalls 및 디지털 구독은 한 가지 방법 뉴스룸이 지속 가능한 비즈니스를 재구성하려고합니다. 웹 사이트가 무료 공짜로 치료하는 대신 스트리밍 비디오 또는 음악과 같은 forjust를 지불하는 서비스로 저널리즘을 제시합니다. 구독하는 독자는 단순히 이야기에 대한 액세스를 구입하지 않습니다; 그들은 효과적으로보고 자체를 자금을.\\n\\n물론, 비용을 지불하는 사람들은 쉽지 않습니다. 많은 독자는 무료 콘텐츠에 사용되고 이미 여러 엔터테인먼트 구독을 지불하고있다. 성공적인 로컬 아울렛은 뉴스 레터, 라이브 이벤트 및 기자와 대화하는 직접 방법을 포함하는 회원 스타일의 제안에 응답합니다. 더 많은 커뮤니티는 웹 사이트가 아닌 공유 civic 리소스로 뉴스 콘센트를 볼 수 있습니다. 더 많은 사람들이 그것을 지원할 것입니다.\\n\\n현지 뉴스의 장기적인 미래는 구독, 자선, 제한된 광고의 혼합이 될 것입니다. 그러나 paywalls는 이 전환에 있는 중앙 역할을 하고, 심도, 질 및 신뢰에 집중하기 위하여 뉴스실을 밀어넣습니다.\"}','2025-12-17 20:46:14'),(32,4,'fa','{\"title\":\"از چاپ تا پادکست: چگونه اتاق های خبری بهترین داستان های خود را باز می کنند\",\"content\":\"روزنامه روزانه فقط به یک شکل می رسید: جوهر روی کاغذ. امروزه، بسیاری از اتاق های خبری مشابه با سری های صوتی، مینیافات و کلیپ های اجتماعی که گزارش خود را برای مخاطبان جدید باز می کنند، آزمایش می کنند. هدف این است که افراد ملاقات ساده که در آن هستند، چه در یک رفت و آمد، در باشگاه و یا پیمایش بر روی تلفن.\\n\\nبه عنوان مثال، تبدیل یک مقاله طولانی تحقیقاتی به یک پادکست، به خبرنگاران اجازه می دهد تا کلیپ های مصاحبه، صدا محیط و روایت را که می تواند موضوعات پیچیده را شخصی تر کند، وارد کنند. برخی از رسانه ها حتی استودیوهای صوتی کوچک را در داخل دفاتر خود ایجاد می کنند تا روزنامه نگاران بتوانند به روز رسانی ها را به عنوان داستان ها ثبت کنند.\\n\\nاین تغییر به این معنا نیست که مقالات نوشته شده ناپدید می شوند. در عوض، آنها ستون فقرات یک استراتژی چند منظوره را تشکیل می دهند. یک پروژه گزارش واحد ممکن است یک مقاله ویژگی، یک ویدیو توضیح دهنده، یک قسمت پادکست و یک پست اجتماعی کوتاه خلاصه یافته کلیدی را تولید کند. هنگامی که همه این فرمت ها به یکدیگر لینک می دهند، خوانندگان می توانند انتخاب کنند که چقدر عمیق هستند.\\n\\nبرای اتاق های خبری محلی، بزرگترین چالش ظرفیت است. تولید صدا و ویدئو با کیفیت نیاز به مهارت ها و تجهیزات جدید دارد. بسیاری از آنها با دانشگاه ها یا تولیدکنندگان مستقل همکاری می کنند تا تخصص خود را در حالی که کنترل سرمقاله را در خانه نگه می دارند، به اشتراک بگذارند.\"}','2025-12-17 21:58:25'),(36,8,'it','{\"title\":\"Cybersecurity: prima linea di difesa nel mondo digitale moderno\",\"content\":\"In un momento in cui i dati sono diventati il nuovo petrolio, la sicurezza informatica non è più un\'opzione aggiuntiva, ma una necessità essenziale per la continuazione di individui e istituzioni nel mondo digitale. Con una maggiore dipendenza da Internet, servizi cloud e applicazioni intelligenti, le minacce informatiche aumentano in complessità e gravità.\\n\\nCos\'e\' la sicurezza informatica?\\n\\nCybersecurity è un insieme di politiche, tecniche e procedure progettate per proteggere sistemi, reti e dati dagli attacchi digitali, come ad esempio:\\n\\nInfiltrazione\\n\\nFurto di dati\\n\\nIl malware.\\n\\nAttacchi di disimpegno (DDoS)\\n\\nL\'obiettivo principale è garantire la riservatezza, la sicurezza e la disponibilità delle informazioni.\\n\\nPerché la sicurezza informatica è diventata più importante?\\n\\nDiversi fattori hanno contribuito all\'espansione delle minacce informatiche:\\n\\nRapida trasformazione digitale nelle istituzioni\\n\\nLavoro remoto e uso di dispositivi personali\\n\\nIoT.\\n\\nAumento della dipendenza dall\'intelligenza artificiale\\n\\nOgni dispositivo collegato a Internet è diventato un possibile punto di ingresso per gli attaccanti.\\n\\nIn evidenza delle moderne minacce informatiche.\\n1. Attacchi di phishing\\n\\nLettere di posta o siti falsi destinati a ingannare l\'utente e rubare i suoi dati sensibili.\\n\\n2. ransomware\\n\\nCrittografa la vittima \' s dati e rivendica un riscatto finanziario per la decrittografia.\\n\\n3. Attacchi avanzati in corso (APT)\\n\\nAttacchi a lungo termine che mirano a istituzioni sensibili come banche e enti governativi.\\n\\n4. Utilizzo di lacune software\\n\\nUtilizzare gli errori nel software non moderno per penetrare i sistemi.\\n\\nIl ruolo dell\'intelligenza artificiale nella sicurezza informatica.\\n\\nL\'intelligenza sintetica è diventata un\'arma cibernetica a due livelli:\\n\\nDifesa: analisi del comportamento non naturale, rilevamento precoce degli attacchi\\n\\nPer aggressione: creazione di software più intelligente e nascosto\\n\\nQuesta gara in corso impone alle imprese di investire in soluzioni di sicurezza intelligenti e sofisticate.\\n\\nMigliori pratiche per rafforzare la sicurezza informatica\\n\\nAggiornamento regolare di sistemi e software\\n\\nUtilizzo della convalida bilaterale (2FA)\\n\\nSensibilizzare gli utenti ai rischi di ingegneria sociale\\n\\nDescrizione dei dati sensibili\\n\\nSorveglianza di rete su base continua\\n\\nLa sicurezza informatica non è più solo la responsabilità di una sezione tecnica, ma una cultura istituzionale completa.\\n\\nIl futuro della sicurezza informatica.\\n\\nPoiché si sviluppano tecniche come l\'informatica quantitativa e l\'intelligenza ostetrica, i sistemi di protezione affronteranno sfide senza precedenti. In cambio, emergeranno soluzioni più sofisticate a seconda di:\\n\\nSta\' zitto.\\n\\nAnalisi delle previsioni\\n\\nZero Trus modello t\\n\\nSintesi esecutiva\\n\\nLa sicurezza informatica è la spina dorsale del mondo digitale moderno. Mentre gli attacchi sono in continua evoluzione, la consapevolezza, le tecniche moderne e la pianificazione proattiva rimangono i migliori mezzi di difesa. Investire nella sicurezza oggi protegge il futuro dei dati domani.\"}','2025-12-17 23:10:48'),(37,8,'fr','{\"title\":\"Cybersécurité : première ligne de défense dans le monde numérique moderne\",\"content\":\"À une époque où les données sont devenues le nouveau pétrole, la cybersécurité n\'est plus une option supplémentaire, mais une nécessité essentielle pour la poursuite des individus et des institutions dans le monde numérique. Avec une plus grande dépendance à l\'égard d\'Internet, des services cloud et des applications intelligentes, les cybermenaces augmentent en complexité et en gravité.\\n\\nQu\'est-ce que la cybersécurité ?\\n\\nLa cybersécurité est un ensemble de politiques, de techniques et de procédures visant à protéger les systèmes, les réseaux et les données contre les attaques numériques, notamment :\\n\\nInfiltration\\n\\nVol de données\\n\\nLe malware.\\n\\nAttaques de désengagement (DDoS)\\n\\nL\'objectif principal est d\'assurer la confidentialité, la sécurité et la disponibilité des informations.\\n\\nPourquoi la cybersécurité est-elle devenue plus importante ?\\n\\nPlusieurs facteurs ont contribué à l\'expansion des cybermenaces :\\n\\nTransformation numérique rapide au sein des institutions\\n\\nTravaux à distance et utilisation d\'appareils personnels\\n\\nOui.\\n\\nUtilisation accrue de l\'intelligence artificielle\\n\\nChaque appareil lié à Internet est devenu un point d\'entrée possible pour les attaquants.\\n\\nFaits saillants des cybermenaces modernes.\\n1. Attaques d\'hameçonnage\\n\\nLettres de courrier ou faux sites destinés à tromper l\'utilisateur et voler ses données sensibles.\\n\\n2. ransomware\\n\\nIl crypte les données de la victime et demande une rançon pour le déchiffrement.\\n\\n3. Attaques avancées en cours (APT)\\n\\nAttaques à long terme visant des institutions sensibles telles que les banques et les organismes gouvernementaux.\\n\\n4. Utilisation des lacunes logicielles\\n\\nUtiliser des erreurs dans des logiciels non modernes pour pénétrer les systèmes.\\n\\nLe rôle de l\'intelligence artificielle dans la cybersécurité.\\n\\nL\'intelligence synthétique est devenue une cyberarme à deux niveaux :\\n\\nDéfense : analyse des comportements non naturels, détection précoce des attaques\\n\\nPour l\'assaut : création de logiciels plus intelligents et cachés\\n\\nCette course continue impose aux entreprises d\'investir dans des solutions de sécurité intelligentes et sophistiquées.\\n\\nMeilleures pratiques pour renforcer la cybersécurité\\n\\nMise à jour régulière des systèmes et des logiciels\\n\\nUtilisation de la validation bilatérale (2FA)\\n\\nSensibiliser les utilisateurs aux risques de l\'ingénierie sociale\\n\\nDescription des données sensibles\\n\\nSurveillance continue du réseau\\n\\nLa cybersécurité n\'est plus la seule responsabilité d\'une section technique, mais une culture institutionnelle globale.\\n\\nL\'avenir de la cybersécurité.\\n\\nÀ mesure que des techniques telles que l\'informatisation quantitative et l\'intelligence obstétricale se développent, les systèmes de protection seront confrontés à des défis sans précédent. En retour, des solutions plus sophistiquées émergeront selon:\\n\\nTa gueule.\\n\\nAnalyse des prévisions\\n\\nModèle Zero Trus t\\n\\nRésumé\\n\\nLa cybersécurité est l\'épine dorsale du monde numérique moderne. Alors que les attaques évoluent constamment, la sensibilisation, les techniques modernes et la planification proactive demeurent les meilleurs moyens de défense. Investir dans la sécurité aujourd\'hui est protéger l\'avenir des données demain.\"}','2025-12-17 23:12:59'),(38,8,'en','{\"title\":\"Cybersecurity: first line of defense in modern digital world\",\"content\":\"In a time when the data became the new oil, cybersecurity is no longer an additional option, but an essential necessity for the continuation of individuals and institutions in the digital world. With greater reliance on the Internet, cloud services and smart applications, cyber threats are increasing in complexity and gravity.\\n\\nWhat\'s cybersecurity?\\n\\nCybersecurity is a set of policies, techniques and procedures designed to protect systems, networks and data from digital attacks, such as:\\n\\nInfiltration\\n\\nData theft\\n\\nThe malware.\\n\\nDisengagement attacks (DDoS)\\n\\nThe main objective is to ensure confidentiality, safety and availability of information.\\n\\nWhy did cybersecurity ever become more important?\\n\\nSeveral factors contributed to the expansion of cyber threats:\\n\\nRapid digital transformation within institutions\\n\\nRemote work and use of personal devices\\n\\nIoT.\\n\\nIncreased reliance on artificial intelligence\\n\\nEach Internet-related device became a possible entry point for the attackers.\\n\\nHighlights of modern cyber threats.\\n1. Phishing attacks\\n\\nLetters of mail or fake sites intended to deceive the user and steal his sensitive data.\\n\\n2. ransomware\\n\\nIt encrypts the victim \' s data and claims a financial ransom for decryption.\\n\\n3. Ongoing advanced attacks (APT)\\n\\nLong-term attacks targeting sensitive institutions such as banks and government bodies.\\n\\n4. Using software gaps\\n\\nUtilize errors in non-modern software to penetrate systems.\\n\\nThe role of artificial intelligence in cybersecurity.\\n\\nSynthetic intelligence has become a two-tiered cyber weapon:\\n\\nDefence: analysis of non-natural behaviour, early detection of attacks\\n\\nFor assault: creation of more intelligent and hidden software\\n\\nThis ongoing race imposes on enterprises to invest in smart and sophisticated security solutions.\\n\\nBest practices to strengthen cybersecurity\\n\\nRegular update of systems and software\\n\\nUse of bilateral validation (2FA)\\n\\nSensitizing users to social engineering risks\\n\\nDescription of sensitive data\\n\\nNetwork surveillance on an ongoing basis\\n\\nCybersecurity is no longer solely the responsibility of a technical section, but a comprehensive institutional culture.\\n\\nThe future of cybersecurity.\\n\\nAs techniques such as quantitative computerization and obstetric intelligence develop, protection systems will face unprecedented challenges. In return, more sophisticated solutions will emerge depending on:\\n\\nShut up.\\n\\nForecast analysis\\n\\nZero Trus model t\\n\\nExecutive summary\\n\\nCybersecurity is the backbone of the modern digital world. While attacks are constantly evolving, awareness, modern techniques and proactive planning remain the best means of defence. Investing in security today is protecting the future of data tomorrow.\"}','2025-12-17 23:14:24'),(39,9,'ar','{\"title\":\"تعليم الآلات: كيف أنّ (داتا) تُعلّم الآلات للتفكير\",\"content\":\"وقد أصبح التعلم في مجال الآلات بهدوء أحد أكثر التكنولوجيات تأثيرا في العصر الحديث. ومن البث الشخصي للأخبار إلى التشخيص الطبي والتنبؤ المالي، تقوم نظم التعلم الآلي بتشكيل القرارات على نطاق وسرعتها لم يسبق لها مثيل.\\n\\nما هو تعليم الآلام؟\\n\\nوالتعلم في مجال الآلات هو فرع للاستخبارات الاصطناعية يتيح للحواسيب أن تتعلم الأنماط من البيانات وأن تحسن أدائها دون أن تكون مبرمجة بوضوح لكل مهمة. وبدلاً من اتباع التعليمات الصارمة، تتكيف نماذج حركة تحرير الكونغو عن طريق تحليل الأمثلة وتحسين توقعاتها بمرور الوقت.\\n\\nوفي قلب تعلم الآلات يكمن كبر البيانات، والتنوع، والتطور المستمر.\\n\\nالأنواع الأساسية لتعلم الآلات\\n1 التعليم الإشرافي\\n\\nويجري تدريب النماذج باستخدام البيانات المسمّاة، حيث يُعرف الناتج الصحيح. This approach is widely used in spam detection, image recognition, and price prediction.\\n\\n2 - التعلم غير المشرف\\n\\nتكتشف الأنظمة هياكل مخبأة في بيانات غير معلومة ويعد تجميع المستخدمين بالسلوك أو الكشف عن الشذوذ في حركة المرور الشبكي تطبيقات مشتركة.\\n\\n3 تعزيز التعلم\\n\\nوتتعلم الخوارزميات من خلال المحاكمة والخطأ من خلال التفاعل مع البيئة وتلقي التعليقات. هذه التقنيّة تقوّي لعب الـ(آي آي)، الروبوتات، الأنظمة المستقلة.\\n\\nلماذا أمور التعلم\\n\\nفتعلّم الآلات في مهام صعبة أو مستحيلة التحديد بقواعد تقليدية. يمكنه:\\n\\nتحديد الأنماط الخفية التي قد يفتقدها البشر\\n\\nصنع القرار على نطاق واسع عبر الملايين من المستعملين\\n\\nالتحسين المستمر مع توافر المزيد من البيانات\\n\\nIn a digital newsstand context, ML can recommend articles, predicter interests, detect fake news, and optimize content delivery.\\n\\nالتحديات والاعتبارات الأخلاقية\\n\\nوعلى الرغم من قوتها، فإن تعلم الآلات يطرح تحديات كبيرة:\\n\\nيمكن أن تؤدي أوجه الضعف في البيانات إلى نتائج غير عادلة أو مضللة\\n\\nالافتقار إلى الشفافية يجعل من الصعب تفسير بعض النماذج\\n\\nنشوء شواغل بشأن خصوصية البيانات عندما تعتمد النماذج على المعلومات الشخصية\\n\\nويتطلب التطوير المسؤول للقانون النموذجي معالجة دقيقة للبيانات، والتقييم النموذجي، والرقابة الأخلاقية.\\n\\nتعليم الآلات في الحياة اليومية\\n\\nويتفاعل معظم المستخدمين مع التعلم الآلاتي عشرات المرات في اليوم دون أن يدركوا ذلك:\\n\\nمحركات البحث\\n\\nمنابر متحركة تقترح محتوى\\n\\nسماعات الذكاء تعترف بالكلام والوجوه\\n\\nالنظم المالية التي تكشف الاحتيال\\n\\nوتبين هذه التطبيقات مدى اندماج القانون النموذجي في التجارب الرقمية الحديثة.\\n\\nمستقبل تعليم الآلات\\n\\nومع زيادة الطاقة الحاسوبية ونمو البيانات بصورة سريعة، ستصبح نماذج التعلم الآلات أكثر كفاءة وأكثر تفسيرا وأكثر سهولة. وتشمل الاتجاهات الناشئة ما يلي:\\n\\nEdge ML for on-device intelligence\\n\\nمنظمة العفو الدولية المشروحة (XAI) من أجل الشفافية\\n\\nنماذج متعددة الوسائط تجمع بين النصوص والصور والصوت\\n\\nوينتقل التعلم من الآلات من البحوث التجريبية إلى الهياكل الأساسية الأساسية الأساسية.\\n\\nخاتمة\\n\\nتعلم الآلات لا يتعلق بالاستعاضة عن الذكاء البشري بل يتعلق بتعزيزه ومن خلال تحويل البيانات الخام إلى رؤية عملية، فإن القانون النموذجي يمكِّن من اتخاذ قرارات أفضل، ونظم أذكى، وتجارب رقمية أكثر شخصية. ومع نضوج التكنولوجيا، ستحدد قيمتها الحقيقية بكيفية تطبيقها بطريقة مسؤولة ومبتكرة.\"}','2025-12-18 01:04:22'),(40,10,'ar','{\"title\":\"علم النفس والحياة اليومية: كيف يتقاسم العقل تجاربنا اليومية\",\"content\":\"وعلم النفس ليس مقصوراً على العيادات أو على مختبرات البحوث - بل هو موجود في اللحظات اليومية، ويرسم كيف يفكر الناس ويشعرون ويتفاعلون مع العالم حولهم. From personal relationships to emotional well-being, psychological processes silencely influence daily decisions and behaviors.\\n\\nقوة الأفكار والمشاعر\\n\\nالسلوك البشري يرتبط ارتباطاً عميقاً بالأفكار والمشاعر الداخلية. فكيف يفسّر الشخص حدثاً كثيراً ما يهم أكثر من الحدث نفسه. وعلى سبيل المثال، يمكن أن تشعر حالة مجهدة بأنها يمكن إدارتها أو غامرة تبعاً للعقل والتجارب السابقة والمرونة العاطفية.\\n\\nويساعد علم النفس على توضيح سبب اختلاف رد فعل الناس إزاء حالات مماثلة، وكيف يمكن للمشاعر أن ترشد - أو تشوه أحياناً الحكم.\\n\\nHabits and Behavior Patterns\\n\\nوتنظم العادات الكثير من الحياة اليومية. هذه السلوكات التلقائية تقلل من الجهد العقلي ولكن من الصعب تغييرها. يُظهر علم النفس أن العادات تُشكّل من خلال التكرار والتعزيز، وليس من خلال القوة وحدها.\\n\\nويتيح فهم التكوين المعتاد للأفراد الاستعاضة عن الروتينات غير الصحية بالعادات الإيجابية عن طريق تكييف البيئة والحوافز والاتساق.\\n\\nالعلاقات والتفاعل الاجتماعي\\n\\nفالبشر اجتماعيون بطبيعتهم. ويستكشف علم النفس كيفية تأثير الاتصالات والتعاطف والثقة والارتباط على العلاقات. وكثيراً ما لا تنشأ الأخطاء عن النية، بل عن التصور والتفسير العاطفي.\\n\\nوتتوقف العلاقات الصحية على الوعي العاطفي، والاستماع النشط، والقدرة على تنظيم ردود الفعل أثناء النزاع.\\n\\nالإجهاد، والتعبئة، والتوازن العاطفي\\n\\nفالإجهاد هو استجابة طبيعية للتحدي، ولكن الإجهاد المطول يمكن أن يؤثر على الصحة العقلية والبدنية على السواء. وتسلط البحوث النفسية الضوء على أهمية استراتيجيات التأقلم مثل العقل، والدعم الاجتماعي، والتحرير الذاتي.\\n\\nوالتعلم من التعرف على الإشارات العاطفية في وقت مبكر يمكن أن يحول دون الاحتراق ويحسن نوعية الحياة العامة.\\n\\nالنمو الشخصي والحذر الذاتي\\n\\nوالوعي الذاتي مفهوم مركزي في علم النفس. وبفهم القيم الشخصية، والمحفزات العاطفية، والأنماط الفكرية، يمكن للأفراد أن يتخذوا خيارات أكثر اعتزاما وأن يطوروا قدرا أكبر من الذكاء العاطفي.\\n\\nولا يتعلق النمو الشخصي بالكمال، بل بالتعلم والتكيف المستمرين.\\n\\nخاتمة\\n\\nويوفر علم النفس رؤية عملية للحياة اليومية، ويساعد الناس على فهم أنفسهم وغيرهم على نحو أفضل. وبتطبيق المبادئ النفسية، يمكن للأفراد أن يحسنوا الرفاه العاطفي، وأن يعززوا العلاقات، وأن يصفوا تحديات الحياة بمزيد من الوضوح والقدرة على التكيف.\"}','2025-12-18 01:12:37'),(41,10,'fr','{\"title\":\"Psychologie et vie quotidienne : comment le mental façonne nos expériences quotidiennes\",\"content\":\"La psychologie ne se limite pas aux cliniques ou aux laboratoires de recherche, elle est présente dans les moments quotidiens, façonnant la façon dont les gens pensent, se sentent et interagissent avec le monde qui les entoure. Des relations personnelles au bien-être émotionnel, les processus psychologiques influencent discrètement les décisions et les comportements quotidiens.\\n\\nLe pouvoir des pensées et des émotions\\n\\nLe comportement humain est profondément lié aux pensées et aux émotions internes. La façon dont une personne interprète un événement est souvent plus importante que l\'événement lui-même. Une situation stressante, par exemple, peut se sentir gérable ou écrasante selon l\'état d\'esprit, les expériences passées et la résilience émotionnelle.\\n\\nLa psychologie aide à expliquer pourquoi les gens réagissent différemment à des situations semblables et comment les émotions peuvent guider – ou parfois déformer – le jugement.\\n\\nHabitudes et comportements\\n\\nUne grande partie de la vie quotidienne est régie par des habitudes. Ces comportements automatiques réduisent l\'effort mental mais peuvent être difficiles à changer. La psychologie montre que les habitudes sont formées par la répétition et le renforcement, et non par la volonté seule.\\n\\nComprendre la formation d\'habitudes permet aux individus de remplacer les routines malsaines par des routines positives en ajustant l\'environnement, la motivation et la cohérence.\\n\\nRelations et interaction sociale\\n\\nLes êtres humains sont de nature sociale. La psychologie explore comment la communication, l\'empathie, la confiance et l\'attachement influencent les relations. Les malentendus ne découlent pas souvent de l\'intention, mais de la perception et de l\'interprétation émotionnelle.\\n\\nLes relations saines dépendent de la conscience émotionnelle, de l\'écoute active et de la capacité de réguler les réactions en période de conflit.\\n\\nLe stress, l\'adaptation et l\'équilibre émotionnel\\n\\nLe stress est une réponse naturelle au défi, mais le stress prolongé peut avoir un impact sur la santé mentale et physique. La recherche psychologique met en évidence l\'importance de stratégies d\'adaptation comme la pleine conscience, le soutien social et l\'autoréflexion.\\n\\nApprendre à reconnaître les signaux émotionnels tôt peut prévenir l\'épuisement et améliorer la qualité de vie globale.\\n\\nCroissance personnelle et conscience de soi\\n\\nLa conscience de soi est un concept central en psychologie. En comprenant les valeurs personnelles, les déclencheurs émotionnels et les modèles de pensée, les individus peuvent faire des choix plus intentionnels et développer une plus grande intelligence émotionnelle.\\n\\nLa croissance personnelle ne concerne pas la perfection, mais l\'apprentissage continu et l\'adaptation.\\n\\nConclusion\\n\\nLa psychologie offre un aperçu pratique de la vie quotidienne, aidant les gens à mieux se comprendre eux-mêmes et les autres. En appliquant des principes psychologiques, les individus peuvent améliorer le bien-être émotionnel, renforcer les relations et naviguer les défis de la vie avec plus de clarté et de résilience.\"}','2025-12-18 01:14:33'),(42,10,'ja','{\"title\":\"心理学と毎日の生活:マインドが私たちの毎日の経験を形づける方法\",\"content\":\"心理学は、クリニックや研究の研究室に限らず、日常的に存在し、人々が考え、感じ、そしてそれらの周りに世界と対話する方法を形作ります。 個人的な関係から感情的な幸福まで、心理的なプロセスは日常的な決定と行動を静かに影響します。\\n\\n思考と感情の力\\n\\n人間の行動は、内部の思考と感情に深く繋がっています。 人がイベントを解釈する方法は、多くの場合、イベント自体よりも重要です。 ストレスの多い状況は、例えば、マインドセット、過去の経験、感情的な回復に応じて、管理可能または圧倒を感じることができます。\\n\\n心理学は、人々が同じような状況と感情がどのようにガイドできるのか、または時々distort-judgmentと異なる反応する理由を説明するのに役立ちます。\\n\\n習慣と行動パターン\\n\\n生活の多くは習慣によって支配されます。 これらの自動動作は精神的な努力を低下させるが、変更が困難である可能性があります。 心理学は、習慣が反復と補強を介して形成されていることを示しています, 単独ではなく、.\\n\\n習慣形成を理解することで、個人は、環境、モチベーション、一貫性を調節することにより、無健康なルーチンを肯定的なものに置き換えることができます。\\n\\n関係と社会的相互作用\\n\\n人間は、自然に社会的な存在です。 心理学は、コミュニケーション、共感、信頼、および添付ファイルの影響関係を調べます。 誤解は、意図からではなく、知覚と感情的な解釈から生じることが多い。\\n\\n健全な関係は、感情的な意識、アクティブなリスニング、および競合中の反応を調節する能力に依存します。\\n\\nストレス、コッピング、感情的なバランス\\n\\nストレスは課題に対する自然な反応ですが、ストレスの長期化は精神的および物理的な健康の両方に影響を与える可能性があります。 心理学的研究は、マインドフルネス、社会的サポート、自己反射などの戦略に対処することの重要性を強調しています。\\n\\n感情的な信号を早期に認識することを学ぶことはバーンアウトを防ぎ、生命の全体的な品質を向上させることができます。\\n\\n個人的な成長と自己意識\\n\\n自己認識は心理学の中央概念です。 個人的な価値観、感情的なトリガー、思考パターンを理解することで、個人はより意図的な選択肢を作り、より大きな感情的な知性を開発することができます。\\n\\n個人的な成長は完璧ではありませんが、継続的な学習と適応について。\\n\\nコンテンツ\\n\\n心理学は、日常生活に実用的な洞察を提供し、人々が自分自身や他の人をよりよく理解するのに役立ちます。 心理的な原則を適用することにより、個人は感情的な幸福を改善し、関係を強化し、より明確さと回復力で人生の課題をナビゲートすることができます.\"}','2025-12-18 01:16:21'),(43,8,'ru','{\"title\":\"Кибербезопасность: первая линия обороны в современном цифровом мире\",\"content\":\"В то время, когда данные стали новой нефтью, кибербезопасность больше не является дополнительным вариантом, а является существенной необходимостью для продолжения отдельных лиц и учреждений в цифровом мире. С большей зависимостью от Интернета, облачных сервисов и интеллектуальных приложений кибер-угрозы становятся все более сложными и серьезными.\\n\\nЧто такое кибербезопасность?\\n\\nКибербезопасность представляет собой набор политик, методов и процедур, предназначенных для защиты систем, сетей и данных от цифровых атак, таких как:\\n\\nпроникновение\\n\\nКража данных\\n\\nВредоносная программа.\\n\\nАтаки разъединения (DDoS)\\n\\nОсновной целью является обеспечение конфиденциальности, безопасности и доступности информации.\\n\\nПочему кибербезопасность стала более важной?\\n\\nРасширению киберугроз способствовали несколько факторов:\\n\\nБыстрая цифровая трансформация в учреждениях\\n\\nУдаленная работа и использование персональных устройств\\n\\nIoT.\\n\\nУвеличение зависимости от искусственного интеллекта\\n\\nКаждое устройство, связанное с Интернетом, стало возможной точкой входа для злоумышленников.\\n\\nОсновные моменты современных киберугроз.\\n1. Фишинговые атаки\\n\\nПисьма по почте или поддельные сайты, предназначенные для обмана пользователя и кражи его конфиденциальных данных.\\n\\n2. ransomware\\n\\nОн шифрует данные жертвы и требует финансового выкупа за расшифровку.\\n\\n3. Текущие продвинутые атаки (APT)\\n\\nДолгосрочные атаки на чувствительные учреждения, такие как банки и государственные органы.\\n\\n4. Использование программных пробелов\\n\\nИспользуйте ошибки в несовременном программном обеспечении для проникновения в системы.\\n\\nРоль искусственного интеллекта в кибербезопасности.\\n\\nСинтетический интеллект стал двухуровневым кибероружием\\n\\nЗащита: анализ неестественного поведения, раннее выявление атак\\n\\nДля штурма: создание более интеллектуального и скрытого программного обеспечения\\n\\nЭта продолжающаяся гонка навязывает предприятиям инвестиции в интеллектуальные и сложные решения в области безопасности.\\n\\nЛучшие практики для укрепления кибербезопасности\\n\\nРегулярное обновление систем и программного обеспечения\\n\\nИспользование двусторонней проверки (2FA)\\n\\nЧувствительность пользователей к рискам социальной инженерии\\n\\nОписание чувствительных данных\\n\\nСетевой надзор на постоянной основе\\n\\nКибербезопасность больше не является исключительно технической секцией, а всеобъемлющей институциональной культурой.\\n\\nБудущее кибербезопасности.\\n\\nПо мере развития таких методов, как количественная компьютеризация и акушерский интеллект, системы защиты будут сталкиваться с беспрецедентными проблемами. Взамен появятся более сложные решения в зависимости от:\\n\\nЗаткнись.\\n\\nПрогнозный анализ\\n\\nМодель Zero Trus\\n\\nИсполнительное резюме\\n\\nКибербезопасность является основой современного цифрового мира. В то время как атаки постоянно развиваются, осведомленность, современные методы и упреждающее планирование остаются лучшим средством защиты. Инвестиции в безопасность сегодня защищают будущее данных завтра.\"}','2025-12-18 01:21:28'),(44,9,'fr','{\"title\":\"L\'apprentissage automatique : Comment les données enseignent les machines à penser\",\"content\":\"Machine Learning (ML) est devenu tranquillement l\'une des technologies les plus influentes de l\'ère moderne. Des nouvelles personnalisées aux diagnostics médicaux et aux prévisions financières, les systèmes d\'apprentissage automatique façonnent les décisions à une échelle et à une vitesse jamais vues auparavant.\\n\\nQu\'est-ce que l\'apprentissage automatique?\\n\\nMachine Learning est une branche de l\'intelligence artificielle qui permet aux ordinateurs d\'apprendre des modèles à partir de données et d\'améliorer leurs performances sans être programmés explicitement pour chaque tâche. Au lieu de suivre des instructions rigides, les modèles ML s\'adaptent en analysant des exemples et en perfectionnant leurs prédictions au fil du temps.\\n\\nAu cœur de l\'apprentissage automatique se trouvent les données, vastes, diversifiées et en constante évolution.\\n\\nPrincipaux types d\'apprentissage automatique\\n1. Apprentissage supervisé\\n\\nLes modèles sont formés à l\'aide de données marquées, où la sortie correcte est connue. Cette approche est largement utilisée dans la détection des pourriels, la reconnaissance des images et la prévision des prix.\\n\\n2. Apprentissage non supervisé\\n\\nLes systèmes découvrent des structures cachées dans des données non marquées. Le regroupement des utilisateurs par comportement ou la détection d\'anomalies dans le trafic réseau sont des applications courantes.\\n\\n3. Renforcement de l\'apprentissage\\n\\nLes algorithmes apprennent par l\'essai et l\'erreur en interagissant avec un environnement et en recevant des commentaires. Cette technique alimente l\'IA, la robotique et les systèmes autonomes.\\n\\nPourquoi l\'apprentissage automatique compte\\n\\nL\'apprentissage automatique excelle dans des tâches difficiles ou impossibles à définir avec des règles traditionnelles. Il peut :\\n\\nIdentifier des modèles subtils que les humains pourraient manquer\\n\\nÉchelle de prise de décision pour des millions d\'utilisateurs\\n\\nAmélioration continue à mesure que de plus amples données deviennent disponibles\\n\\nDans un kiosque à journaux numérique, ML peut recommander des articles, prédire les intérêts des lecteurs, détecter de fausses nouvelles et optimiser la livraison de contenu.\\n\\nDéfis et considérations éthiques\\n\\nMalgré sa puissance, la machine learning présente des défis importants :\\n\\nDes erreurs dans les données peuvent conduire à des résultats injustes ou trompeurs\\n\\nLe manque de transparence rend certains modèles difficiles à interpréter\\n\\nLa protection des données est préoccupante lorsque les modèles reposent sur des renseignements personnels\\n\\nL\'élaboration responsable de la LM exige une vérification minutieuse des données, une évaluation des modèles et une surveillance éthique.\\n\\nL\'apprentissage automatique dans la vie quotidienne\\n\\nLa plupart des utilisateurs interagissent avec l\'apprentissage automatique des dizaines de fois par jour sans le réaliser:\\n\\nRésultats du classement des moteurs de recherche\\n\\nPlateformes de streaming suggérant du contenu\\n\\nSmartphones reconnaissant la parole et les visages\\n\\nSystèmes financiers de détection de la fraude\\n\\nCes applications démontrent à quel point ML s\'est profondément intégrée aux expériences numériques modernes.\\n\\nL\'avenir de l\'apprentissage automatique\\n\\nÀ mesure que la puissance de calcul augmente et que les données grandissent de façon exponentielle, les modèles d\'apprentissage automatique deviendront plus efficaces, plus explicables et plus accessibles. Les nouvelles tendances sont les suivantes :\\n\\nEdge ML pour l\'intelligence sur les appareils\\n\\nAI explicable (XAI) pour la transparence\\n\\nModèles multimodal combinant texte, images et audio\\n\\nL\'apprentissage automatique passe de la recherche expérimentale à l\'infrastructure essentielle.\\n\\nConclusion\\n\\nL\'apprentissage automatique ne consiste pas à remplacer l\'intelligence humaine, mais à l\'augmenter. En transformant les données brutes en données exploitables, ML permet de prendre de meilleures décisions, des systèmes plus intelligents et des expériences numériques plus personnalisées. À mesure que la technologie arrivera à maturité, sa véritable valeur sera définie par la manière dont elle est appliquée de façon responsable et créative.\"}','2025-12-18 01:22:43'),(45,8,'ja','{\"title\":\"サイバーセキュリティ:現代のデジタル世界における防衛の第一線\",\"content\":\"データが新しいオイルになったとき、サイバーセキュリティはもはや追加オプションではありませんが、デジタル界の個人や機関の継続のための必然的な必需品です。 インターネット、クラウドサービス、スマートアプリケーションに関するより大きな信頼性で、サイバー脅威は複雑さと重力で増加しています。\\n\\nサイバーセキュリティとは?\\n\\nCybersecurityは、以下のようなデジタル攻撃からシステム、ネットワーク、データを保護するために設計されたポリシー、技術、手順のセットです。\\n\\nインサート\\n\\nデータ盗難\\n\\nマルウェア。\\n\\n排出攻撃(DDoS)\\n\\n主な目的は、情報の機密性、安全性、可用性を確保することです。\\n\\nなぜサイバーセキュリティが重要になったのでしょうか?\\n\\nサイバー脅威の拡大に貢献するいくつかの要因:\\n\\n機関内の急速なデジタル変革\\n\\nリモートワークとパーソナルデバイスの使用\\n\\nIoT ソリューション\\n\\n人工知能の信頼性向上\\n\\n各インターネット関連デバイスは、攻撃者にとって可能なエントリーポイントとなりました。\\n\\n現代のサイバー脅威のハイライト。\\n1。 フィッシング攻撃\\n\\nユーザを欺き、機密データを盗むために意図したメールや偽のサイトの手紙。\\n\\n2.ランサムウェア\\n\\n犠牲者 \' s データを暗号化し、復号化のための金融ランサムを主張します。.\\n\\n3。 高度な攻撃(APT)\\n\\n銀行や政府機関などの機密機関を標的する長期攻撃。\\n\\n4。 ソフトウェアギャップの使用\\n\\nシステムを貫通するために、非近代的なソフトウェアでエラーを活用します。\\n\\nサイバーセキュリティにおける人工知能の役割\\n\\n総合的な知能は2層のサイバー武器になりました。\\n\\n防衛:非自然行動の分析、攻撃の早期検出\\n\\n攻撃のために:よりインテリジェントで隠されたソフトウェアの作成\\n\\nこの継続的なレースは、スマートで洗練されたセキュリティソリューションに投資するために、企業を課しています。\\n\\nサイバーセキュリティを強化するためのベストプラクティス\\n\\nシステムとソフトウェアの定期的な更新\\n\\n二国間検証(2FA)の利用\\n\\nソーシャルエンジニアリングリスクにユーザーを感知\\n\\n機密データの記述\\n\\n継続的にネットワーク監視\\n\\nサイバーセキュリティは、もはや技術的なセクションの責任だけではありませんが、包括的な機関文化。\\n\\nサイバーセキュリティの未来。\\n\\n量的コンピュータ化や産学的知能などの技術が発達するにつれて、保護システムは、これまでにない課題に直面します。 戻ってくると、より洗練されたソリューションが出てくるようになります。\\n\\nシュートアップ。\\n\\n予測分析\\n\\nゼロトラスモデルt\\n\\n執行役員\\n\\nサイバーセキュリティは、現代のデジタル世界のバックボーンです。 攻撃は常に進化していますが、意識、近代的な技術と積極的な計画は、防衛の最良の手段のままです。 今日はセキュリティに投資することは、明日のデータの未来を守ることです.\"}','2025-12-18 01:26:48'),(46,2,'zh-Hans','{\"title\":\"AI-Powered 翻译如何转换本地新闻\",\"content\":\"数十年来,当地报纸一直奋力解决一个简单的问题:语言. 即使一个城市是多语种的,大多数地方的出入口也只用一门语言出版,使得大部分人口无法轻易地获得有关政治,学校,交通和公共安全的重要信息. 最近人工智能翻译的进展正在改变这一点。\\n\\n现代神经翻译模型远比2000年代早期使用的有章可循系统更准确. 他们不是逐字翻译,而是从上百万个句子中学习规律,这帮助他们更好地抓住上下文,平庸和语气. 对于当地的新闻室来说,这意味着他们可以在几秒钟内翻译出长篇的文章,然后让编辑迅速审查产出,而不是从零开始支付完整的人文翻译费.\\n\\n然而,AI翻译并不是一个神奇的解决方案. 编辑器仍需要检查姓名,数字和文化上敏感的短语. 某些类型的内容,如意见片或讽刺,往往需要更仔细地改写来避免误解. 许多新闻室采用混合工作流程: 大赦国际编写了初稿,双语记者或自由职业者在出版前对案文进行了完善。\\n\\n尽管存在这些局限性,但对接触的影响已经很明显。 在几个试点项目中,推出其最重要故事翻译版本的地方机构报告说,以前服务不足的移民社区的读者人数大幅增加。 一些城市还尝试实时翻译紧急警报,确保几分钟内以多种语言提供极端天气或健康风险的关键信息.\\n\\n下一个挑战是围绕这些工具建立可持续的商业模式。 翻译为读者创造了更多的价值,但也增加了编辑工作量和基础设施成本. 赠款、公共资金和基于订阅的翻译服务都正在作为可能的解决办法进行讨论。 显然,AIPower翻译已不再是一种未来实验,它正在迅速成为当地新闻室如何为整个社区服务的核心部分.\"}','2025-12-18 01:34:24'),(47,2,'hi','{\"title\":\"कैसे एआई-संचालित अनुवाद स्थानीय समाचार को परिवर्तित कर रहा है\",\"content\":\"दशकों तक, स्थानीय समाचार पत्रों ने एक सरल समस्या के साथ संघर्ष किया है: भाषा। यहां तक कि जब एक शहर बहुभाषी है, तो अधिकांश स्थानीय आउटलेट केवल एक भाषा में प्रकाशित होते हैं, जिससे राजनीति, स्कूलों, परिवहन और सार्वजनिक सुरक्षा के बारे में महत्वपूर्ण जानकारी तक आसानी से पहुंच के बिना आबादी के बड़े हिस्से को छोड़ दिया जाता है। एआई अनुवाद में हाल के अग्रिमों को बदलने के लिए शुरू कर रहे हैं।\\n\\nआधुनिक तंत्रिका अनुवाद मॉडल 2000 के दशक की शुरुआत में प्रयुक्त नियम आधारित प्रणालियों की तुलना में कहीं अधिक सटीक हैं। शब्दों से शब्द अनुवाद करने के बजाय, वे लाखों वाक्यों से पैटर्न सीखते हैं, जो उन्हें बेहतर संदर्भ, मुहावरे और स्वर कैप्चर करने में मदद करते हैं। स्थानीय समाचार कक्षों के लिए, इसका मतलब है कि वे सेकंड में लंबे लेखों का अनुवाद कर सकते हैं और फिर एक संपादक जल्दी से उत्पादन की समीक्षा कर सकते हैं, बजाय स्क्रैच से पूर्ण मानव अनुवाद के लिए भुगतान करने के बजाय।\\n\\nहालांकि, एआई अनुवाद एक जादू समाधान नहीं है। संपादकों को अभी भी नाम, संख्या और सांस्कृतिक रूप से संवेदनशील वाक्यांशों की जांच की आवश्यकता है। कुछ प्रकार की सामग्री, जैसे राय के टुकड़े या सैयर, अक्सर गलतफहमी से बचने के लिए सावधानीपूर्वक लिखने की आवश्यकता होती है। कई न्यूज़रूम एक हाइब्रिड वर्कफ़्लो को अपना रहे हैं: एआई पहले ड्राफ्ट का उत्पादन करता है, और द्विभाषी पत्रकार या फ्रीलांसरों ने प्रकाशन से पहले पाठ को परिष्कृत किया।\\n\\nइन सीमाओं के बावजूद, पहुंच पर प्रभाव पहले से ही दिखाई देता है। कई पायलट परियोजनाओं में स्थानीय दुकानों ने अपनी सबसे महत्वपूर्ण कहानियों के अनुवादित संस्करणों को पेश करने वाले स्थानीय दुकानों ने उन आप्रवासी समुदायों से रीडरशिप में महत्वपूर्ण वृद्धि की सूचना दी जो पहले संरक्षित थे। कुछ शहर आपातकालीन अलर्ट के रीयलटाइम अनुवाद के साथ भी प्रयोग कर रहे हैं, यह सुनिश्चित करते हुए कि चरम मौसम या स्वास्थ्य जोखिम के बारे में महत्वपूर्ण जानकारी मिनटों में कई भाषाओं में उपलब्ध है।\\n\\nअगली चुनौती इन उपकरणों के आसपास टिकाऊ व्यापार मॉडल का निर्माण करेगी। अनुवाद पाठकों के लिए अधिक मूल्य बनाता है, लेकिन यह संपादकीय कार्यभार और बुनियादी ढांचे की लागत को भी बढ़ाता है। अनुदान, सार्वजनिक वित्त पोषण और सदस्यता आधारित अनुवाद सेवाओं को सब संभव समाधान के रूप में चर्चा की जा रही है। क्या स्पष्ट है कि AIpowered अनुवाद अब एक भविष्यवादी प्रयोग नहीं है, यह जल्दी से स्थानीय न्यूज़रूम अपने पूरे समुदाय की सेवा कर सकते हैं का एक मुख्य हिस्सा बन रहा है।.\"}','2025-12-18 01:35:05'),(48,2,'pt','{\"title\":\"Como AI-powered tradução está transformando notícias locais\",\"content\":\"Durante décadas, os jornais locais têm lutado com um problema simples: a linguagem. Mesmo quando uma cidade é multilingue, a maioria das lojas locais só publica em uma única língua, deixando grande parte da população sem acesso fácil a informações importantes sobre política, escolas, transporte e segurança pública. Avanços recentes na tradução de IA estão começando a mudar isso.\\n\\nOs modelos modernos de tradução neural são muito mais precisos do que os sistemas baseados em regras usados no início dos anos 2000. Em vez de traduzir palavra por palavra, eles aprendem padrões de milhões de frases, o que os ajuda a capturar melhor o contexto, expressões e tom. Para as salas de notícias locais, isso significa que eles podem traduzir artigos longos em segundos e, em seguida, ter um editor rapidamente rever a saída, em vez de pagar por uma tradução humana completa do zero.\\n\\nNo entanto, a tradução de IA não é uma solução mágica. Os editores ainda precisam verificar nomes, números e frases culturalmente sensíveis. Certos tipos de conteúdo, como peças de opinião ou sátira, muitas vezes requerem reescrita mais cuidadosa para evitar mal-entendidos. Muitas salas de notícias estão adotando um fluxo de trabalho híbrido: A IA produz um primeiro rascunho, e jornalistas bilíngues ou freelancers refinar o texto antes da publicação.\\n\\nApesar dessas limitações, o impacto no alcance já é visível. Em vários projetos-piloto, os pontos de venda locais que introduziram versões traduzidas de suas histórias mais importantes relataram um aumento significativo dos leitores de comunidades imigrantes que anteriormente eram carentes. Algumas cidades também estão experimentando a tradução em tempo real de alertas de emergência, certificando-se de que informações críticas sobre o clima extremo ou riscos à saúde estão disponíveis em vários idiomas em poucos minutos.\\n\\nO próximo desafio será construir modelos de negócios sustentáveis em torno dessas ferramentas. A tradução cria mais valor para os leitores, mas também aumenta a carga de trabalho editorial e os custos de infraestrutura. Subvenções, financiamento público e serviços de tradução baseados em assinaturas estão todos a ser discutidos como possíveis soluções. O que é claro é que AIpowered tradução não é mais uma experiência futurista que está rapidamente se tornando uma parte central de como as redação locais podem servir toda a sua comunidade.\"}','2025-12-18 01:38:36'),(49,2,'tr','{\"title\":\"AI-Powered Çeviri Yerel Haberler Nasıl Dönüştürüyor\",\"content\":\"On yıllardır, yerel gazeteler basit bir problemle mücadele etti: dil. Bir şehir çok dilli olduğunda bile, çoğu yerel çıkış sadece tek bir dilde yayınlanır, nüfusun büyük bölümünü siyaset, okullar, ulaşım ve halk güvenliği hakkında önemli bilgilere erişmeksizin terk eder. AI çevirisindeki son gelişmeler bunu değiştirmeye başlıyor.\\n\\nModern sinir çeviri modelleri, 2000\'lerin başlarında kullanılan kural tabanlı sistemlerden çok daha doğru. Kelimeyi kelimelerle tercüme etmek yerine, milyonlarca cümleden desenler öğreniyorlar, bu onlara daha iyi yakalama bağlamı, deyimleri ve ton yardımcı oluyor. Yerel haber odaları için, bu, saniyeler içinde uzun makaleyi çevirebileceği anlamına gelir ve sonra bir editör hızla çıktıyı gözden geçirir, tam bir insan çevirisini sıfırdan ödemek yerine.\\n\\nAncak, AI çevirisi sihirli bir çözüm değildir. Editörler hala isimleri, sayıları ve kültürel olarak hassas cümleleri kontrol etmek gerekir. Bazı içerik türleri, fikir parçaları veya doire gibi, çoğu zaman yanlış anlaşılmalardan kaçınmak için daha dikkatli bir yeniden yazma gerektirir. Birçok haber odası karma bir iş akışı benimsemekte: AI, yayından önce metni ilk taslağı ve iki yönlü gazeteci veya serbest bırakır.\\n\\nBu sınırlamalara rağmen, ulaşma üzerindeki etkisi zaten görünür. Birkaç pilot projede, en önemli hikâyelerinin çeviri versiyonlarına yer veren yerel kapılar, daha önce korunmuş göçmen topluluklarından okuyuculukta önemli bir artış bildirdi. Bazı şehirler de acil uyarıların gerçek zamanlı çevirisi ile deneyiyorlar, aşırı hava veya sağlık riskleri hakkında kritik bilgilerin dakikalar içinde birden çok dilde mevcut olduğundan emin olun.\\n\\nBir sonraki meydan okuma bu araçlar etrafında sürdürülebilir iş modelleri inşa edecek. Çeviri okuyucular için daha fazla değer yaratıyor, ancak editör iş yüklerini ve altyapı maliyetlerini de artırıyor. Grants, kamu fonları ve abonelik tabanlı çeviri hizmetleri, mümkün çözümler olarak tartışılmaktadır. Açık olan şey, AI güçlü çevirinin artık bir futurist deney olmadığı, yerel haber odalarının tüm topluluğa nasıl hizmet edebileceğinin bir parçası haline gelmesidir.\"}','2025-12-18 01:39:11'),(50,2,'nl','{\"title\":\"Hoe AI-Powered Transforming Local News is\",\"content\":\"Al tientallen jaren worstelen lokale kranten met één simpel probleem: taal. Zelfs wanneer een stad meertalig is, publiceren de meeste lokale winkels alleen in één taal, waardoor grote delen van de bevolking geen gemakkelijke toegang hebben tot belangrijke informatie over politiek, scholen, vervoer en openbare veiligheid. Recente vooruitgang in AI vertaling beginnen dat te veranderen.\\n\\nModerne neurale vertaalmodellen zijn veel nauwkeuriger dan de regelgebaseerde systemen die in het begin van de jaren 2000 werden gebruikt. In plaats van woord voor woord te vertalen, leren ze patronen van miljoenen zinnen, die hen helpen om context, idiomen en toon beter vast te leggen. Voor lokale nieuwszalen betekent dit dat ze lange artikelen in seconden kunnen vertalen en vervolgens een editor snel de output kunnen beoordelen, in plaats van te betalen voor een volledige menselijke vertaling vanaf nul.\\n\\nEchter, AI vertaling is geen magische oplossing. Editors moeten nog steeds namen, cijfers en cultureel gevoelige zinnen controleren. Bepaalde soorten inhoud, zoals opiniestukken of satire, vereisen vaak meer zorgvuldige herschrijven om misverstanden te voorkomen. Veel newsrooms gebruiken een hybride workflow: AI produceert een eerste ontwerp, en tweetalige journalisten of freelancers verfijnen de tekst voor publicatie.\\n\\nOndanks deze beperkingen is de impact op het bereik al zichtbaar. In verschillende proefprojecten, lokale verkooppunten die vertaalde versies van hun belangrijkste verhalen introduceerden, meldden een significante toename van het lezersbestand van immigrantengemeenschappen die voorheen ondergewaardeerd waren. Sommige steden experimenteren ook met realtime vertaling van noodwaarschuwingen, zodat er binnen enkele minuten kritische informatie over extreme weersomstandigheden of gezondheidsrisico\'s beschikbaar is in meerdere talen.\\n\\nDe volgende uitdaging is het opbouwen van duurzame businessmodellen rond deze tools. Vertaling creëert meer waarde voor lezers, maar verhoogt ook de redactionele werklast en infrastructuurkosten. Subsidies, overheidsfinanciering en op abonnement gebaseerde vertaaldiensten worden allemaal als mogelijke oplossingen besproken. Wat duidelijk is, is dat AIpowered vertaling niet langer een futuristisch experiment is, het wordt al snel een kernonderdeel van hoe lokale nieuwszalen hun hele gemeenschap kunnen dienen.\"}','2025-12-18 01:39:52'),(51,2,'fa','{\"title\":\"How AI-Powered Translation در حال تبدیل اخبار محلی است\",\"content\":\"برای چندین دهه، روزنامه های محلی با یک مشکل ساده مبارزه کرده اند: زبان. حتی هنگامی که یک شهر چند زبانه است، اکثر رسانه های محلی تنها در یک زبان واحد منتشر می شوند و بخش های بزرگی از جمعیت را بدون دسترسی آسان به اطلاعات مهم در مورد سیاست، مدارس، حمل و نقل و امنیت عمومی رها می کنند. پیشرفت های اخیر در ترجمه AI در حال تغییر است.\\n\\nمدل های ترجمه عصبی مدرن بسیار دقیق تر از سیستم های مبتنی بر قاعده است که در اوایل دهه ۲۰۰۰ استفاده می شود. به جای ترجمه کلمه با کلمه، آنها الگوهایی را از میلیون ها جمله یاد می گیرند که به آنها کمک می کند تا زمینه، اصطلاحات و لحن بهتری را ثبت کنند. برای سالن های خبری محلی، این بدان معنی است که آنها می توانند مقالات طولانی را در ثانیه ترجمه کنند و سپس ویرایشگر به سرعت خروجی را بررسی کنند، به جای پرداخت برای ترجمه کامل انسانی از ابتدا.\\n\\nبا این حال، ترجمه AI یک راه حل جادویی نیست. سردبیران هنوز نیاز به بررسی نام ها، اعداد و عبارات حساس فرهنگی دارند. انواع خاصی از محتوا، مانند قطعات نظر یا طنز، اغلب نیاز به بازنویسی دقیق تر برای جلوگیری از سوء تفاهم دارند. بسیاری از اتاق های خبری یک جریان کاری ترکیبی را اتخاذ می کنند: AI یک پیش نویس اول را تولید می کند و روزنامه نگاران دو زبانه یا فریلنسرها قبل از انتشار متن را اصلاح می کنند.\\n\\nبا وجود این محدودیت ها، تاثیر در دسترس در حال حاضر قابل مشاهده است. در چندین پروژه آزمایشی، رسانه های محلی که نسخه های ترجمه شده از مهمترین داستان های خود را معرفی کردند، افزایش قابل توجهی در خواننده سازی از جوامع مهاجر که قبلاً محروم بودند، گزارش دادند. برخی از شهرها همچنین با ترجمه زمان واقعی هشدار های اضطراری آزمایش می شوند و اطمینان حاصل می کنند که اطلاعات حیاتی در مورد آب و هوا یا خطرات سلامتی در چند زبان در عرض چند دقیقه در دسترس است.\\n\\nچالش بعدی ساخت مدل های تجاری پایدار در اطراف این ابزارها خواهد بود. ترجمه ارزش بیشتری برای خوانندگان ایجاد می کند، اما همچنین هزینه های سرمقاله و زیرساخت را افزایش می دهد. گرانت ها، بودجه عمومی و خدمات ترجمه مبتنی بر اشتراک همه به عنوان راه حل های ممکن مورد بحث قرار می گیرند. آنچه روشن است این است که ترجمه مبتنی بر هوش مصنوعی دیگر یک آزمایش آینده نگر نیست که به سرعت به بخش مهمی از چگونگی خدمات اتاق های خبری محلی می پردازد.\"}','2025-12-18 01:40:54'),(52,9,'es','{\"title\":\"Aprendizaje automático: Cómo los datos están enseñando máquinas para pensar\",\"content\":\"Machine Learning (ML) se ha convertido en una de las tecnologías más influyentes de la era moderna. Desde las noticias personalizadas hasta el diagnóstico médico y la previsión financiera, los sistemas de aprendizaje automático están conformando decisiones a una escala y velocidad nunca vista antes.\\n\\n¿Qué es el aprendizaje automático?\\n\\nMachine Learning es una rama de inteligencia artificial que permite a los ordenadores aprender patrones de los datos y mejorar su rendimiento sin ser programado explícitamente para cada tarea. En lugar de seguir instrucciones rígidas, los modelos ML se adaptan analizando ejemplos y refinando sus predicciones con el tiempo.\\n\\nEn el corazón del aprendizaje automático se encuentran los datos—grandes, diversos y en constante evolución.\\n\\nTipos básicos de aprendizaje automático\\n1. Enseñanza supervisada\\n\\nLos modelos se entrenan utilizando datos etiquetados, donde se conoce la salida correcta. Este enfoque es ampliamente utilizado en la detección de spam, reconocimiento de imagen y predicción de precios.\\n\\n2. Aprendizaje sin supervisión\\n\\nLos sistemas descubren estructuras ocultas en datos no etiquetados. La agrupación de usuarios por comportamiento o detección de anomalías en el tráfico de red son aplicaciones comunes.\\n\\n3. Reinforcement Learning\\n\\nLos algoritmos aprenden a través del ensayo y el error interactuando con un ambiente y recibiendo comentarios. Esta técnica potencia el juego de inteligencia artificial, robótica y sistemas autónomos.\\n\\nPor qué el aprendizaje automático importa\\n\\nEl aprendizaje automático se destaca en tareas difíciles o imposibles de definir con reglas tradicionales. Puede:\\n\\nIdentificar patrones sutiles humanos podrían perderse\\n\\nDeterminación de decisiones a través de millones de usuarios\\n\\nMejora continuamente a medida que se dispone de más datos\\n\\nEn un contexto digital, ML puede recomendar artículos, predecir intereses de lectores, detectar noticias falsas y optimizar la entrega de contenidos.\\n\\nRetos y consideraciones éticas\\n\\nA pesar de su poder, el aprendizaje automático presenta retos importantes:\\n\\nLa parcialidad de los datos puede conducir a resultados injustos o engañosos\\n\\nLa falta de transparencia dificulta la interpretación de algunos modelos\\n\\nLas preocupaciones de privacidad de datos surgen cuando los modelos dependen de la información personal\\n\\nEl desarrollo responsable del ML requiere una cuidadosa curación de datos, evaluación modelo y supervisión ética.\\n\\nMachine Learning in Everyday Life\\n\\nLa mayoría de los usuarios interactúan con el aprendizaje automático docenas de veces al día sin darse cuenta:\\n\\nResultados de la clasificación de motores de búsqueda\\n\\nPlataformas de streaming que sugieren contenido\\n\\nSmartphones reconociendo discurso y caras\\n\\nSistemas financieros que detectan fraude\\n\\nEstas aplicaciones demuestran lo profundamente que ML ha integrado en experiencias digitales modernas.\\n\\nEl futuro del aprendizaje automático\\n\\nA medida que aumenta la potencia de cálculo y los datos crecen exponencialmente, los modelos de aprendizaje automático serán más eficientes, más explicables y más accesibles. Las nuevas tendencias incluyen:\\n\\nEdge ML para inteligencia en dispositivos\\n\\nExplainable AI (XAI) for transparency\\n\\nModelos multimodales que combinan texto, imágenes y audio\\n\\nEl aprendizaje automático pasa de la investigación experimental a la infraestructura esencial.\\n\\nConclusión\\n\\nEl aprendizaje automático no se trata de reemplazar la inteligencia humana, sino de aumentarla. Mediante la transformación de datos crudos en una visión práctica, ML potencia mejores decisiones, sistemas más inteligentes y experiencias digitales más personalizadas. A medida que la tecnología madura, su verdadero valor será definido por cómo se aplica responsable y creativamente.\"}','2025-12-18 09:42:24'),(53,9,'fa','{\"title\":\"یادگیری ماشین: چگونه داده ها به ماشین ها آموزش می دهند تا فکر کنند\",\"content\":\"یادگیری ماشین (ML) به آرامی به یکی از تأثیرگذارترین فن آوری های عصر مدرن تبدیل شده است. از فیدهای خبری شخصی گرفته تا تشخیص پزشکی و پیش بینی مالی، سیستم های یادگیری ماشینی در حال شکل دادن به تصمیمات در مقیاس هستند و سرعت هرگز پیش از آن دیده نشده است.\\n\\nیادگیری ماشین چیست؟\\n\\nیادگیری ماشین شاخه ای از هوش مصنوعی است که کامپیوترها را قادر می سازد الگوهایی را از داده ها یاد بگیرند و عملکرد خود را بدون اینکه به طور واضح برای هر کار برنامه ریزی شود، بهبود بخشند. به جای پیروی از دستورالعمل های سخت، مدل های ML با تجزیه و تحلیل نمونه ها و اصلاح پیش بینی های خود در طول زمان سازگار می شوند.\\n\\nدر قلب یادگیری ماشین، داده ها – بزرگ، متنوع و به طور مداوم در حال تکامل است.\\n\\nانواع اصلی یادگیری ماشین\\n1. آموزش عالی\\n\\nمدل ها با استفاده از داده های برچسب شده آموزش داده می شوند، جایی که خروجی صحیح شناخته می شود. این رویکرد به طور گسترده ای در تشخیص اسپم، تشخیص تصویر و پیش بینی قیمت استفاده می شود.\\n\\n۲- آموزش عالی\\n\\nسیستم ها ساختارهای پنهان را در داده های بدون برچسب کشف می کنند. دسته بندی کاربران با رفتار یا تشخیص ناهنجاری ها در ترافیک شبکه برنامه های مشترک است.\\n\\n3. تقویت یادگیری\\n\\nالگوریتم ها با تعامل با یک محیط و دریافت بازخورد از طریق محاکمه و خطا یاد می گیرند. این تکنیک توانایی بازی AI، رباتیک و سیستم های مستقل را دارد.\\n\\nچرا یادگیری ماشین مهم است\\n\\nیادگیری ماشین در کارهایی که دشوار یا غیر ممکن است با قوانین سنتی تعریف شود، پیشرفت می کند. می تواند:\\n\\nشناسایی الگوهای ظریف که انسان ممکن است از دست بدهد\\n\\nمقیاس تصمیم گیری در میلیون ها کاربر\\n\\nبه طور مداوم بهبود می یابد زیرا داده های بیشتر در دسترس هستند\\n\\nدر یک زمینه خبری دیجیتال، ML می تواند مقالات را توصیه کند، منافع خواننده را پیش بینی کند، اخبار جعلی را تشخیص دهد و تحویل محتوا را بهینه کند.\\n\\nچالش ها و ملاحظات اخلاقی\\n\\nبا وجود قدرت، یادگیری ماشین چالش های قابل توجهی را معرفی می کند:\\n\\nBias در داده ها می تواند منجر به نتایج ناعادلانه یا گمراه کننده شود.\\n\\nعدم شفافیت باعث می شود برخی از مدل ها تفسیر شوند\\n\\nنگرانی های حریم خصوصی داده ها زمانی ایجاد می شود که مدل ها به اطلاعات شخصی متکی هستند.\\n\\nتوسعه مسئول ML نیاز به اطلاعات دقیق، ارزیابی مدل و نظارت اخلاقی دارد.\\n\\nیادگیری ماشین در زندگی روزمره\\n\\nاکثر کاربران با یادگیری ماشینی ده ها بار در روز بدون درک آن تعامل دارند:\\n\\nموتورهای جستجو رتبه بندی نتایج\\n\\nپلتفرم هایی که محتوای را پیشنهاد می کنند\\n\\nتلفن های هوشمند به رسمیت شناختن گفتار و چهره\\n\\nسیستم های مالی تشخیص کلاهبرداری\\n\\nاین برنامه ها نشان می دهد که ML چقدر به تجارب دیجیتال مدرن یکپارچه شده است.\\n\\nآینده یادگیری ماشین\\n\\nاز آنجایی که قدرت محاسباتی افزایش می یابد و داده ها به صورت نمایی رشد می کنند، مدل های یادگیری ماشین کارآمد تر، قابل توضیح تر و قابل دسترس تر می شوند. روند نوظهور شامل:\\n\\nEdge ML برای اطلاعات دستگاه\\n\\nهوش مصنوعی (XAI) برای شفافیت\\n\\nمدل های چند منظوره ترکیب متن، تصاویر و صدا\\n\\nیادگیری ماشین از تحقیقات تجربی به زیرساخت های ضروری حرکت می کند.\\n\\nنتیجه گیری\\n\\nیادگیری ماشینی در مورد جایگزین کردن هوش انسانی نیست بلکه در مورد تقویت آن است. با تبدیل داده های خام به بینش عملی، ML قادر به تصمیم گیری بهتر، سیستم های هوشمند تر و تجارب دیجیتال شخصی تر است. همانطور که تکنولوژی بالغ می شود، ارزش واقعی آن با چگونگی اعمال مسئولانه و خلاقانه تعریف خواهد شد.\"}','2025-12-18 09:43:12'),(54,9,'sv','{\"title\":\"Maskininlärning: Hur data lär maskiner att tänka\",\"content\":\"Maskininlärning (ML) har tyst blivit en av de mest inflytelserika teknologierna i modern tid. Från personliga nyhetsflöden till medicinsk diagnos och ekonomisk prognos, maskininlärningssystem formar beslut i en skala och hastighet som aldrig setts tidigare.\\n\\nVad är Machine Learning?\\n\\nMachine Learning är en gren av artificiell intelligens som gör det möjligt för datorer att lära sig mönster från data och förbättra deras prestanda utan att uttryckligen programmeras för varje uppgift. Istället för att följa stela instruktioner anpassar sig ML-modeller genom att analysera exempel och förfina sina förutsägelser över tiden.\\n\\nI hjärtat av maskininlärning ligger data - större, varierande och kontinuerligt utvecklande.\\n\\nKärntyper av maskininlärning\\n1. Övervakat lärande\\n\\nModeller är utbildade med märkta data, där rätt utgång är känd. Detta tillvägagångssätt används allmänt i spamdetektering, bildigenkänning och prisprediktion.\\n\\nUnsupervised Learning\\n\\nSystemen upptäcker dolda strukturer i omärkningsvärda data. Att stänga användare genom beteende eller upptäcka avvikelser i nätverkstrafik är vanliga applikationer.\\n\\n3. Förstärkning lärande\\n\\nAlgoritmer lär sig genom försök och fel genom att interagera med en miljö och få feedback. Denna teknik driver spelspel AI, robotik och autonoma system.\\n\\nVarför Machine Learning Matters\\n\\nMaskininlärning utmärker sig på uppgifter som är svåra eller omöjliga att definiera med traditionella regler. Det kan:\\n\\nIdentifiera subtila mönster som människor kan missa\\n\\nSkala beslutsfattande över miljontals användare\\n\\nStändigt förbättras allteftersom mer data blir tillgängliga\\n\\nI en digital newsstand-kontext kan ML rekommendera artiklar, förutsäga läsarens intressen, upptäcka falska nyheter och optimera innehållsleveransen.\\n\\nUtmaningar och etiska överväganden\\n\\nTrots sin makt introducerar maskininlärning stora utmaningar:\\n\\nBias i data kan leda till orättvisa eller vilseledande resultat\\n\\nBrist på öppenhet gör vissa modeller svåra att tolka\\n\\nUppgifter om integritet uppstår när modeller förlitar sig på personlig information\\n\\nAnsvarig ML-utveckling kräver noggrann datakurering, modellutvärdering och etisk tillsyn.\\n\\nMaskininlärning i vardagen\\n\\nDe flesta användare interagerar med maskininlärning dussintals gånger om dagen utan att inse det:\\n\\nSökmotorer ranking resultat\\n\\nStreaming plattformar föreslår innehåll\\n\\nSmartphones erkänner tal och ansikten\\n\\nFinansiella system som upptäcker bedrägeri\\n\\nDessa program visar hur djupt ML har integrerats i moderna digitala upplevelser.\\n\\nFramtiden för Machine Learning\\n\\nNär datorkraften ökar och data växer exponentiellt kommer maskininlärningsmodeller att bli mer effektiva, mer förklarade och mer tillgängliga. Framväxande trender inkluderar:\\n\\nEdge ML för on-device intelligens\\n\\nFörklarlig AI (XAI) för transparens\\n\\nMultimodala modeller som kombinerar text, bilder och ljud\\n\\nMaskininlärning går från experimentell forskning till väsentlig infrastruktur.\\n\\nSlutsats\\n\\nMaskininlärning handlar inte om att ersätta mänsklig intelligens – det handlar om att förstärka den. Genom att omvandla rådata till handlingsbar insikt ger ML bättre beslut, smartare system och mer personliga digitala upplevelser. Eftersom tekniken mognar kommer dess verkliga värde att definieras av hur ansvarsfullt och kreativt det tillämpas.\"}','2025-12-18 09:43:45'),(55,9,'zh','{\"title\":\"机器学习 : 数据是如何教机器思考的\",\"content\":\"机器学习(ML)已悄悄地成为了现代最有影响力的技术之一. 从个性化新闻素材到医学诊断和金融预测,机器学习系统正在以前所未有的规模和速度塑造决策.\\n\\n什么是机器学习?\\n\\n机器学习(Machine Learning)是人工智能的一个分支,它使计算机能够从数据中学习规律并改善其性能而无需为每一项任务明确编程. ML模型没有遵循僵硬的指令,而是通过分析实例并不断完善其预测来适应.\\n\\n机器学习的核心是大量、多样和不断演变的数据。\\n\\n机器学习的核心类型\\n1. 联合国 监督学习\\n\\n模型使用有标签的数据进行训练,其中的输出是正确的. 这种方法被广泛用于垃圾邮件检测,图像识别和价格预测.\\n\\n2. 无监督的学习\\n\\n系统在无标签的数据中发现隐藏的结构. 以行为或检测网络流量异常方式将用户集群是常见的应用.\\n\\n3个 加强学习\\n\\n算法通过试验和出错与环境相互作用并接收反馈来学习. 这种技术能赋予游戏玩法AI,机器人,以及自主系统以力量.\\n\\n为什么机器学习问题\\n\\n机器学习在用传统规则难以或不可能界定的任务中表现得非常出色。 它可以:\\n\\n找出人类可能错过的微妙模式\\n\\n扩大数百万用户的决策范围\\n\\n随着获得更多数据,不断改进\\n\\n在数字报摊背景下,ML可以推荐文章,预测读者兴趣,检测假新闻,并优化内容提供.\\n\\n挑战和道德考虑\\n\\n尽管机器学习的力量很大,但它带来了重大挑战:\\n\\n数据偏差可能导致不公平或误导的结果\\n\\n缺乏透明度使一些模式难以解释\\n\\n当模型依赖于个人信息时会出现数据隐私问题\\n\\n负责任的ML开发需要仔细的数据整理,模型评价,以及道德监督.\\n\\n日常生活中的机器学习\\n\\n大多数用户每天与机器学习数十次而未意识到:\\n\\n搜索引擎排名结果\\n\\n流程平台建议内容\\n\\n智能手机识别语音和相片\\n\\n发现欺诈的金融系统\\n\\n这些应用证明了ML如何深入地融入了现代数字经验.\\n\\n机器学习的未来\\n\\n随着计算功率的提高和数据的指数增长,机器学习模型将变得更加高效,更能解释,更方便使用. 新出现的趋势包括:\\n\\n设备智能的边缘 ML\\n\\n关于透明度的可解释的大赦国际(AI)\\n\\n结合文本、图像和音频的多式模型\\n\\n机器学习正在从实验研究转向基本的基础设施。\\n\\n结论\\n\\n机器学习不是要取代人类的智慧,而是要增强它。 通过将原始数据转化为可操作的洞察力,ML增强更好的决策能力,更智能的系统,以及更个性化的数字体验. 随着技术的成熟,其真正价值将由如何负责和创造性地应用来确定.\"}','2025-12-18 09:44:42'),(56,9,'ja','{\"title\":\"機械学習: データが学習する機械の考え方\",\"content\":\"機械学習(ML)は、現代の時代の最も影響力のある技術の1つに静かになっています。 パーソナライズされたニュースフィードから医療診断と財務予測まで、機械学習システムは、これまでに見たことがない規模と速度で決定を形作ります。\\n\\n機械学習とは?\\n\\n機械学習は、コンピュータがあらゆるタスクのために明示的にプログラムされずにデータからパターンを学び、パフォーマンスを向上させることを可能にする人工知能のブランチです。 次の堅い指示の代りに、MLモデルはサンプルを分析し、時間の上の予測を精製することによって合わせます。\\n\\n機械学習の心臓は、大きく、多様、そして絶えず進化するデータです。\\n\\n機械学習のコアタイプ\\n1。 監修学習\\n\\nモデルは、正しい出力が知られているラベル付きデータを使用して訓練されます。 このアプローチは、スパムの検出、画像認識、価格予測で広く使用されています。\\n\\n2. 無人学習\\n\\nラベルのないデータの隠れた構造を発見するシステム。 行動やネットワークトラフィックの異常を検出することにより、ユーザーをクラスタリングすることは、一般的なアプリケーションです。\\n\\n3。 強化学習\\n\\nAlgorithmsは、環境とフィードバックを受信することで、試行錯誤を通して学びます。 人工知能、ロボティクス、オートノマイズシステムなど、ゲームプレイの力。\\n\\nなぜ機械学習のマットレス\\n\\n伝統的なルールで定義することが困難または不可能なタスクで機械学習エクセル。 それはできます:\\n\\n微妙なパターンを識別する 人間は見逃すかもしれません\\n\\n何百万人ものユーザーが意思決定をスケール\\n\\nより多くのデータが利用できるように絶えず改善して下さい\\n\\nデジタルニューススタンドのコンテキストでは、MLは記事を推薦し、読者の興味を予測し、偽のニュースを検出し、コンテンツ配信を最適化することができます。\\n\\n課題と倫理的考察\\n\\nその力にもかかわらず、機械学習は重要な課題を紹介します。\\n\\nデータのバイアスは、不公平または誤解を招く結果につながることができます\\n\\n透明性の欠如により、一部のモデルは解釈しにくい\\n\\nモデルが個人情報に依存したときにデータプライバシーに関する懸念\\n\\nレスポンシブルML開発は、慎重なデータキュレーション、モデル評価、およびエシカルオーバーサイトが必要です。\\n\\n毎日の生活で機械学習\\n\\nほとんどのユーザーは、それを実現することなく、1日の数十回機械学習の数十と相互作用します。\\n\\n検索エンジンのランキング結果\\n\\nコンテンツを提案するプラットフォームのストリーミング\\n\\nスピーチや顔を認識するスマートフォン\\n\\n不正を検知する金融システム\\n\\nこれらのアプリケーションは、近代的なデジタル体験に深く統合されている方法を示しています。\\n\\n機械学習の未来\\n\\n計算力が増加し、データが指数関数的に成長するにつれて、機械学習モデルはより効率的で説明可能になり、よりアクセス可能になります。 新興トレンドには以下が含まれます:\\n\\nオンデバイスインテリジェンス用のエッジML\\n\\n透明性のための説明可能なAI(XAI)\\n\\nテキスト、画像、音声を組み合わせたマルチモーダルモデル\\n\\n機械学習は実験的な研究から重要なインフラへと移行しています。\\n\\nコンテンツ\\n\\n機械学習は、人間の知性を置き換えることではなく、それはそれを拡張することです。 生データを実用的なインサイトに変換することで、MLはより良い意思決定、スマートシステム、よりパーソナライズされたデジタルエクスペリエンスを実現します。 技術が成熟するにつれて、その真の値は、それが適用される責任と創造的によって定義されます.\"}','2025-12-18 09:46:29'),(57,9,'ko','{\"title\":\"기계 학습: Data is Teaching machine – 품질 협력 업체 중국에서\",\"content\":\"기계 학습 (ML)은 현대 시대의 가장 영향력있는 기술 중 하나가 조용히되었습니다. 개인화 된 뉴스 피드에서 의료 진단 및 금융 예측, 기계 학습 시스템은 전에 볼 수 없었던 스케일과 속도에 결정입니다.\\n\\n기계 학습이란?\\n\\nMachine Learning은 컴퓨터가 데이터에서 패턴을 학습하고 각 작업에 명시적으로 프로그래밍되지 않고 성능을 향상시킬 수있는 인공 지능의 지점입니다. 다음과 같은 엄밀한 지침 대신 ML 모델은 예를 분석하고 시간을 초과하는 예측을 거부합니다.\\n\\n기계 학습의 중심에는 데이터가 크고 다양하며 지속적으로 진화합니다.\\n\\n기계 학습의 핵심 유형\\n1. 명세 감독 학습\\n\\n모형은 정확한 산출이 알려져 있는 상표가 붙은 자료를 사용하여 훈련됩니다. 이 접근법은 스팸 탐지, 이미지 인식 및 가격 예측에서 널리 이용됩니다.\\n\\n2. 탁월한 학습\\n\\n시스템은 unlabeled 데이터에 숨겨진 구조를 발견합니다. 네트워크 트래픽에서 anomalies를 검출하여 사용자를 클러스터링하는 것은 일반적인 응용 프로그램입니다.\\n\\n3. 명세 학습 방법\\n\\nAlgorithms는 환경과 피드백을 수신함으로써 시험 및 오류를 통해 학습합니다. 이 기술은 AI, 로봇, 자율주행 시스템의 게임 플레이를 강화합니다.\\n\\n왜 기계 학습 Matters\\n\\n기계 학습은 어렵거나 전통적인 규칙을 정의 할 수없는 작업에서 발췌합니다. 그것은 할 수 있습니다:\\n\\n미묘한 패턴을 식별 할 수 있습니다.\\n\\n수백만 명의 사용자를 대상으로 하는 규모 결정\\n\\n더 많은 데이터로 지속적으로 개선 가능\\n\\n디지털 Newsstand 컨텍스트에서 ML은 기사를 추천하고, 독자의 관심사를 예측하고, 가짜 뉴스를 감지하고, 컨텐츠 전달을 최적화 할 수 있습니다.\\n\\n도전과 윤리적 고려\\n\\n그것의 힘에도 불구하고, 기계 학습은 중요한 도전을 소개합니다:\\n\\n데이터의 별명은 불공정 또는 misleading outcomes로 이어질 수 있습니다.\\n\\n투명성의 부족은 해석하기 어려운 몇몇 모형을 만듭니다\\n\\n데이터 개인 정보 보호는 개인 정보에 의존 할 때 발생\\n\\n책임있는 ML 발달은 주의깊은 자료 포화, 모형 평가 및 윤리적인 감독을 요구합니다.\\n\\n일상 생활에서 기계 학습\\n\\n대부분의 사용자는 기계 학습과 상호 작용합니다. 수십 번의 시간을 실현하지 않고:\\n\\n검색 엔진 순위 결과\\n\\nStreaming platform 제안 내용\\n\\n스마트폰 인식 및 얼굴\\n\\n사기를 감지하는 금융 시스템\\n\\n이 응용 프로그램은 깊이 ML이 현대 디지털 경험으로 통합 된 방법을 보여줍니다.\\n\\n기계 학습의 미래\\n\\n컴퓨팅 전력 증가 및 데이터가 exponentially 성장함에 따라 기계 학습 모델은 더 효율적이고 더 많은 설명 할 수 있으며 액세스 할 수 있습니다. Emerging 동향은 다음을 포함합니다:\\n\\nEdge ML for on-device 지능\\n\\n투명성에 대한 설명 가능한 AI (XAI)\\n\\n텍스트, 이미지, 오디오를 결합한 Multimodal 모델\\n\\n기계 학습은 실험적인 연구에서 근본적인 인프라로 이동하고 있습니다.\\n\\n관련 기사\\n\\n기계 학습은 인간 지능을 대체하는 것은 아닙니다. 그것은 augmenting 그것에 관하여 입니다. 원시 데이터를 작업 가능한 통찰력으로 변환함으로써 ML은 더 나은 의사 결정, 스마트 시스템 및 더 많은 개인화 된 디지털 경험을 제공합니다. 기술 성숙으로, 그것의 진실한 가치는 책임감있고 창조적으로 그것 적용된 방법에 의해 정의될 것입니다.\"}','2025-12-18 09:47:58'),(58,9,'de','{\"title\":\"Maschinenlernen: Wie Daten Lehrmaschinen denken\",\"content\":\"Machine Learning (ML) ist eine der einflussreichsten Technologien der modernen Ära geworden. Von personalisierten Nachrichtenübermittlungen bis hin zur medizinischen Diagnose und Finanzprognose prägen maschinelle Lernsysteme Entscheidungen in einer Größenordnung und Geschwindigkeit, die nie zuvor gesehen wurden.\\n\\nWas ist Machine Learning?\\n\\nMachine Learning ist ein Zweig künstlicher Intelligenz, der es Computern ermöglicht, Muster aus Daten zu lernen und ihre Leistung zu verbessern, ohne für jede Aufgabe explizit programmiert zu werden. Anstatt starre Anweisungen zu folgen, passen sich ML-Modelle durch Analyse von Beispielen und deren Vorhersagen im Laufe der Zeit an.\\n\\nIm Zentrum des maschinellen Lernens liegen Daten – groß, vielfältig und kontinuierlich weiterentwickelt.\\n\\nKernarten des maschinellen Lernens\\nANHANG Überarbeitetes Lernen\\n\\nModelle werden mit markierten Daten trainiert, wo die korrekte Ausgabe bekannt ist. Dieser Ansatz wird in der Spamerkennung, Bilderkennung und Preisvorhersage weit verbreitet.\\n\\n2. Unsupervised Learning\\n\\nSysteme entdecken versteckte Strukturen in unmarkierten Daten. Clustering-Nutzer durch Verhalten oder Erkennung von Anomalien im Netzwerkverkehr sind häufige Anwendungen.\\n\\n3. Verstärktes Lernen\\n\\nAlgorithmen lernen durch Test und Fehler, indem sie mit einer Umgebung interagieren und Feedback erhalten. Diese Technik betreibt das Gameplay von KI, Robotik und autonomen Systemen.\\n\\nWarum maschinelles Lernen\\n\\nDas maschinelle Lernen zeichnet sich durch Aufgaben aus, die mit traditionellen Regeln schwierig oder unmöglich zu definieren sind. Es kann:\\n\\nIdentifizieren Sie subtile Muster Menschen möglicherweise vermissen\\n\\nEntscheidungsfindung über Millionen von Nutzern\\n\\nKontinuierlich verbessern, da mehr Daten zur Verfügung stehen\\n\\nIn einem digitalen Nachrichtenstand-Kontext kann ML Artikel empfehlen, Leseinteressen vorhersagen, gefälschte Nachrichten erkennen und die Inhaltslieferung optimieren.\\n\\nHerausforderungen und ethische Überlegungen\\n\\nTrotz ihrer Macht stellt maschinelles Lernen große Herausforderungen:\\n\\nBias in Daten kann zu unlauteren oder irreführenden Ergebnissen führen\\n\\nMangel an Transparenz macht einige Modelle schwer zu interpretieren\\n\\nDatenschutzbedenken entstehen, wenn sich Modelle auf personenbezogene Daten verlassen\\n\\nVerantwortungsvolle ML-Entwicklung erfordert eine sorgfältige Datenkuration, Modellbewertung und ethische Aufsicht.\\n\\nMaschinenlernen im Alltag\\n\\nDie meisten Benutzer interagieren mit maschinellem Lernen Dutzende von Zeiten am Tag, ohne es zu realisieren:\\n\\nSuchergebnisse für Suchmaschinen\\n\\nStreaming-Plattformen für Inhalte\\n\\nSmartphones, die Sprache und Gesichter erkennen\\n\\nFinanzsysteme, die Betrug erkennen\\n\\nDiese Anwendungen zeigen, wie tief ML in moderne digitale Erfahrungen integriert ist.\\n\\nDie Zukunft des maschinellen Lernens\\n\\nDa die Rechenleistung steigt und die Daten exponentiell wachsen, werden maschinelle Lernmodelle effizienter, erklärbarer und zugänglicher. Zu den Trends zählen:\\n\\nEdge ML für On-Device Intelligenz\\n\\nErklärbares AI (XAI) für Transparenz\\n\\nMultimodale Modelle, die Text, Bilder und Audio kombinieren\\n\\nDas maschinelle Lernen bewegt sich von der experimentellen Forschung in eine wesentliche Infrastruktur.\\n\\nSchlussfolgerung\\n\\nDas maschinelle Lernen geht nicht darum, menschliche Intelligenz zu ersetzen – es geht darum, sie zu erweitern. Durch die Umwandlung von Rohdaten in handlungsfähige Erkenntnisse ermöglicht ML bessere Entscheidungen, intelligentere Systeme und personalisierte digitale Erfahrungen. Da die Technologie reift, wird ihr wahrer Wert dadurch definiert, wie verantwortungsvoll und kreativ sie angewendet wird.\"}','2025-12-18 09:48:31'),(59,10,'ko','{\"title\":\"심리학 및 일상 생활 : 마인드가 일상의 경험을 형성하는 방법\",\"content\":\"심리학은 진료소 또는 연구 실험실에 국한되지 않습니다. 그것은 일상적인 순간에 존재하고, 사람들이 생각하는 방법을 형성하고, 느낍니다, 그리고 그들 주변에 세계 상호 작용합니다. 개인 관계에서 감정적 인 웰빙, 심리적 과정 조용히 일상의 결정과 행동에 영향을 미칩니다.\\n\\n생각과 감정의 힘\\n\\n인간의 행동은 내부의 생각과 감정에 깊이 연결됩니다. 자주 이벤트를 해석하는 방법 스트레스가 좋은 상황, 예를 들어, 마음가짐, 과거 경험 및 정서적 탄력에 따라 관리 또는 압도적 인 느낌을 줄 수 있습니다.\\n\\n심리학은 사람들이 비슷한 상황에 대해 다르게 반응하는 이유를 설명하고 감정이 어떻게 가이드 할 수 있는지를 설명합니다. 또는 때때로 찡그림-judgment.\\n\\nHabits 및 Behavior 패턴\\n\\n일상 생활의 대부분은 습관에 의해 지배된다. 이 자동 행동은 정신적 노력이 감소하지만 변화가 어려울 수 있습니다. 심리학은 반복과 강화를 통해 형성되는 습관을 보여줍니다, 혼자 의지하지.\\n\\n이해 습관 형성은 개인이 환경, 동기, 일관성을 조정함으로써 긍정적 인 것들을 가진 건강 한 일상을 대체 할 수 있습니다.\\n\\n관계 및 사회 활동\\n\\n인간은 자연에 의해 사회입니다. 심리학은 의사 소통, 공감, 신뢰, 첨부 파일에 대한 관계를 탐구합니다. 종종 의도에서 일어나지 않지만 인식과 감정 해석에서.\\n\\n건강한 관계는 감정적 인 인식, 적극적인 청취 및 충돌 중에 반응을 조절하는 능력에 달려 있습니다.\\n\\n스트레스, 코핑, 감정적 균형\\n\\n스트레스는 도전에 자연적 반응이지만 스트레스는 정신과 신체 건강에 영향을 줄 수 있습니다. 심리적 연구는 심리적, 사회적 지원 및 자기 존중과 같은 전략을 극복하는 중요성을 강조합니다.\\n\\n감정적인 신호를 인식하는 학습은 화상을 방지하고 삶의 전반적인 품질을 향상시킬 수 있습니다.\\n\\n개인 성장과 자기 인식\\n\\nSelf-awareness는 심리학의 중심 개념입니다. 개인의 가치, 정서적 방아쇠 및 생각 패턴을 이해함으로써, 개인은 더 많은 의도적 선택과 더 큰 감정적인 지능을 개발할 수 있습니다.\\n\\n개인의 성장은 완벽하지 않지만 지속적인 학습 및 적응에 대해.\\n\\n관련 기사\\n\\n심리학은 일상 생활에 실질적인 통찰력을 제공하며 사람들이 스스로 이해하고 다른 사람들과 잘 이해할 수 있도록 도와줍니다. 심리적 원칙을 적용함으로써 개인은 정서적 웰빙을 개선하고 관계를 강화하고 더 큰 명확성과 탄력성을 가진 삶의 도전을 탐색 할 수 있습니다.\"}','2025-12-18 09:55:20'),(60,11,'fr','{\"title\":\"Jeux et leur influence sur eux-mêmes et le comportement humain\",\"content\":\"Les jeux sont un élément important de la vie humaine depuis l\'enfance jusqu\'aux stades avancés, non seulement un moyen de divertissement, mais aussi un instrument d\'expression, d\'apprentissage et d\'interaction sociale. La psychologie a été intéressée à étudier les jeux parce qu\'ils ont un impact clair sur la pensée, les sentiments et le comportement.\\n\\nLes jeux comme moyen d\'apprendre.\\n\\nLes jeux aident à développer des compétences mentales telles que la concentration, la prise de décision rapide et la résolution de problèmes. Le joueur est confronté à différentes positions qui nécessitent réflexion et planification, contribuant ainsi au développement progressif des capacités intellectuelles.\\n\\nL\'impact psychologique des jeux.\\n\\nLes Jeux offrent un sentiment de réussite et de défi, ce qui améliore la confiance en soi et la motivation. Il permet également aux joueurs d\'échapper temporairement aux pressions de la vie quotidienne, ce qui contribue à réduire les tensions et à améliorer l\'humeur dans leur exercice équilibré.\\n\\nJeux et interaction sociale\\n\\nDe nombreux jeux encouragent la coopération et la saine concurrence, améliorant ainsi les compétences en communication et en travail d\'équipe. Par le jeu conjoint, les individus apprennent à respecter les règles, à accepter la perte et à gérer le succès dans un esprit positif.\\n\\nModération du jeu\\n\\nMalgré les avantages multiples des jeux, la pratique excessive peut avoir des effets négatifs comme l\'isolement ou la négligence quotidienne. L\'équilibre et la conscience de soi sont donc des éléments essentiels pour l\'utilisation des jeux sans affecter le mode de vie sain.\\n\\nConclusion\\n\\nLes jeux représentent un espace qui combine loisirs, apprentissage et interaction humaine. En faisant preuve de sensibilisation et de modération, il peut être un moyen efficace de promouvoir la santé mentale et de développer les capacités individuelles et sociales.\"}','2025-12-18 10:48:40'),(61,7,'fr','{\"title\":\"La révolution silencieuse : comment l\'informatique de bord remodele Internet\",\"content\":\"Depuis des années, le cloud computing est l\'épine dorsale des services numériques modernes. Des plateformes en streaming aux logiciels d\'entreprise, les centres de données centralisés ont tout alimenté dans les coulisses. Mais comme les applications exigent des réponses plus rapides et de l\'intelligence en temps réel, un nouveau paradigme prend tranquillement le dessus : l\'informatique de pointe.\\n\\nQu\'est-ce qu\'Edge Computing?\\n\\nEdge computing déplace le traitement des données plus près de l\'endroit où il est généré – sur des appareils tels que les smartphones, les capteurs, les véhicules et les serveurs locaux – plutôt que d\'envoyer tout dans des centres de données cloud éloignés. Cette proximité réduit considérablement la latence, améliore la fiabilité et réduit les coûts de bande passante.\\n\\nAu lieu de demander : Est-ce que le cloud peut gérer ça ? (en milliers de dollars)\\n\\nPourquoi l\'informatique de bord compte maintenant\\n\\nPlusieurs changements technologiques ont rendu l\'informatique de pointe non seulement utile, mais nécessaire :\\n\\n5G Les réseaux permettent une communication ultra-faible\\n\\nIoT Explosion a introduit des milliards d\'appareils connectés\\n\\nL\'IA au bord permet la prise de décision sur les appareils\\n\\nRèglement sur la protection des renseignements personnels\\n\\nPour des applications telles que la conduite autonome, l\'automatisation industrielle ou les soins de santé à distance, les millisecondes comptent, et le cloud seul est souvent trop lent.\\n\\nApplications du monde réel\\nVilles intelligentes\\n\\nLes feux de circulation qui s\'adaptent en temps réel, les systèmes de surveillance qui détectent les anomalies instantanément, et les réseaux d\'énergie qui s\'auto-optimisent tous dépendent de l\'informatique de bord.\\n\\nSanté\\n\\nLes appareils portables peuvent analyser localement les données du patient, déclencher des alertes sans attendre le traitement du cloud, ce qui peut sauver des vies.\\n\\nLivraison de contenu et médias\\n\\nLes serveurs Edge réduisent le tamponnage, améliorent la qualité du streaming et personnalisent la livraison du contenu plus près de l\'utilisateur.\\n\\nEdge vs Cloud : pas un remplacement\\n\\nMalgré des idées fausses communes, l\'informatique de bord ne remplace pas le nuage. Au lieu de cela, il le complète.\\n\\nTraitement et filtrage en temps réel\\n\\nCloud gère le stockage, l\'analyse et l\'orchestration à long terme\\n\\nL\'avenir appartient aux architectures hybrides où l\'intelligence est répartie entre les appareils, les nœuds de bord et les nuages centralisés.\\n\\nSécurité au bord\\n\\nLe traitement des données localement réduit l\'exposition, mais il introduit également de nouveaux défis en matière de sécurité. Les dispositifs de bord sont souvent physiquement accessibles et largement distribués, ce qui les rend plus difficiles à sécuriser uniformément. Le chiffrement, l\'authentification des appareils et les mises à jour sécurisées du firmware sont maintenant des composantes essentielles de l\'infrastructure de bord.\\n\\nLa route en avant\\n\\nÀ mesure que les modèles d\'IA deviennent plus petits et plus efficaces, s\'attendre à ce que davantage d\'intelligence s\'éloignent des systèmes centralisés. L\'informatique de bord jouera un rôle clé dans:\\n\\nSystèmes autonomes\\n\\nExpériences numériques personnalisées\\n\\nAnalyse en temps réel\\n\\nCalcul durable en réduisant le transfert de données\\n\\nInternet n\'est plus seulement centralisé, il devient partout.\"}','2025-12-18 10:53:52'),(62,11,'ja','{\"title\":\"ゲームと自分自身と人間の行動への影響\",\"content\":\"ゲームは、子供の頃から上級段階まで、エンターテインメントの手段だけでなく、表現、学習、社会的な相互作用の手段の重要な部分です。 心理学は、彼らが思考、感情、行動に明確な影響を持っているので、ゲームを勉強に興味を持っています。\\n\\n学習方法としてのゲーム。\\n\\nゲームは、焦点、迅速な意思決定、問題解決などの精神的なスキルを開発するのに役立ちます。 プレイヤーは、リフレクションと計画を必要とする異なる位置に直面し、これにより、知的能力の進歩的な発展に貢献します。\\n\\nゲームの心理的影響。\\n\\nゲームは、自己の自信とモチベーションを高め、達成と挑戦の感覚を提供します。 また、プレイヤーは日常生活の圧力から一時的にエスケープする機会を提供し、緊張を減らし、バランスの取れた運動で気分を改善するのに役立ちます。\\n\\nゲームと社会的相互作用\\n\\n多くのゲームは、協力と健康競争を促し、コミュニケーションとチームワークのスキルを強化します。 ジョイントプレーを通して、個人はルールを尊重し、損失を受け入れ、正の精神で成功に対処することを学びます。\\n\\nゲームモデレーション\\n\\nゲームの複数の利点にもかかわらず、オーバープラクティスは、隔離や毎日の怠慢などのマイナスの影響を持っている可能性があります。 平衡と自己意識は、したがって、健康的なライフスタイルに影響を与えることなく、ゲームの使用のための重要な要素です。\\n\\nコンテンツ\\n\\nゲームは、レクリエーション、学習、人間とのやりとりを組み合わせた空間を表しています。 意識や適性を高めることで、精神的な健康を促進し、個人や社会的な能力を開発する効果的な手段となることができます.\"}','2025-12-18 10:56:35'),(63,7,'ja','{\"title\":\"無声革命:エッジコンピューティングがインターネットを再構築する方法\",\"content\":\"長年にわたり、クラウドコンピューティングは現代のデジタルサービスのバックボーンとなっています。 ストリーミングプラットフォームからエンタープライズソフトウェアまで、集中型データセンターはあらゆるシーンに対応しました。 しかし、アプリケーションがより速い応答とリアルタイムのインテリジェンスを要求するにつれて、新しいパラダイムは静かに引き継ぎます。エッジコンピューティング。\\n\\nエッジコンピューティングとは?\\n\\nEdge コンピューティングは、スマートフォン、センサー、車両、ローカルサーバーなどのデバイスで、データ処理を近距離にシフトし、すべてのデータをクラウドデータセンターに送信するのに役立ちます。 これにより、レイテンシを大幅に削減し、信頼性を向上させ、帯域幅コストを削減します。\\n\\n「クラウド処理はできますか?」と尋ねる代わりに、エンジニアは「このデータをデバイスを離れる必要さえありますか? ツイート\\n\\nなぜエッジコンピューティングマター 今\\n\\nいくつかの技術シフトは、単なる有用なだけでなく、必要なエッジコンピューティングをしました。\\n\\n5Gの ネットワークにより、超低遅延通信が可能\\n\\n接続デバイス数が数十億件導入\\n\\nエッジのAIは、オンデバイス意思決定を可能にします\\n\\nプライバシー規制は、不要なデータ転送を制限します\\n\\n自動運転、産業オートメーション、またはリモートヘルスケア、ミリ秒の問題などのアプリケーションでは、クラウドだけでも遅くなります。\\n\\nリアルタイムアプリケーション\\nスマートシティ\\n\\nリアルタイムで適応するトラフィックライト、異常を瞬時に検出する監視システム、およびエッジコンピューティングに依存するエネルギーグリッド。\\n\\nヘルスケア\\n\\nウェアラブルデバイスは、患者データをローカルで分析し、クラウド処理を待つことなくアラートをトリガーできます。\\n\\nコンテンツ配信&メディア\\n\\nEdge サーバーは、バッファリングを減らし、ストリーミング品質を向上させ、コンテンツをユーザーの近傍にパーソナライズします。\\n\\nエッジ対クラウド: 交換しない\\n\\n一般的な誤解にもかかわらず、エッジコンピューティングはクラウドを置き換えません。 代わりに、それを補完します。\\n\\nEdge はリアルタイムの処理およびろ過を扱います\\n\\nクラウドは、長期的なストレージ、分析、およびオーケストレーションを管理する\\n\\n未来は、デバイス、エッジノード、集中型のクラウドにインテリジェンスが分散するハイブリッドアーキテクチャに属しています。\\n\\nエッジでのセキュリティ\\n\\nローカルでデータを処理することで、暴露を削減するだけでなく、新たなセキュリティ課題も紹介します。 エッジデバイスは、物理的にアクセス可能で広く配布され、それらを均一に確保するために困難にしています。 暗号化、デバイス認証、およびセキュアなファームウェアのアップデートは、エッジインフラストラクチャの重要なコンポーネントです。\\n\\nロードアヘッド\\n\\nAIモデルが小さくなり、より効率的になると、集中型システムから離れるより多くの知能が期待できます。 Edge コンピューティングは、次の重要な役割を果たします。\\n\\n自動システム\\n\\nパーソナライズされたデジタル体験\\n\\nリアルタイム分析\\n\\nデータ転送を減らすことで持続可能なコンピューティング\\n\\nインターネットは一元一元集中化されず、どこへも成長しています.\"}','2025-12-18 10:58:35'),(64,5,'ja','{\"title\":\"新しいフロントページとしてニュースレター\",\"content\":\"朝にメールを開き、一日のトップストーリーをまとめた少なくとも1つのキュレーションされたニュースレターを見つけるでしょう。 シンプルな流通チャネルとして始まったのは、ニュースルームにとって最も重要なツールの1つです。 ニュースレターは、アルゴリズムやソーシャルメディアフィードによってフィルタリングされていない読者との直接的な関係を作成します。\\n\\nローカルアウトレットでは、この関係は特に価値があります。 よく設計された朝のブリーフィングは、少数の段落で市議会の決定、気象警報、学校の更新、コミュニティイベントを強調することができます。 オリエンテーションのためのニュースレターに頼る読者は、完全な記事にクリックし、最終的に、加入者になる可能性が高いです。\\n\\n有意義なニュースレターの残高ユーティリティと個性。 彼らは明確なリンクと要約を提供しますが、彼らはまた、認識可能な声を持っています。 多くのエディタには、物語の問題やそれが報告された理由を説明する短いメモが含まれています。 その透明性は、誤解を招くのが容易であるとき、信頼を築くのに役立ちます。\\n\\n受信トレイが増えるにつれて、すべてのエディションで価値を届ける圧力は成長します。 アフターワーダーよりも、ニュースレターをコア製品として扱うニュースルームは、すでにより高いエンゲージメントとより強い読者の忠誠性を見ています.\"}','2025-12-18 10:58:53');
/*!40000 ALTER TABLE `translations` ENABLE KEYS */;
UNLOCK TABLES;

--
-- Table structure for table `user_game_progress`
--

DROP TABLE IF EXISTS `user_game_progress`;
/*!40101 SET @saved_cs_client     = @@character_set_client */;
/*!50503 SET character_set_client = utf8mb4 */;
CREATE TABLE `user_game_progress` (
  `id` int NOT NULL AUTO_INCREMENT,
  `user_id` int NOT NULL,
  `game_id` varchar(50) COLLATE utf8mb4_unicode_ci NOT NULL,
  `state` text COLLATE utf8mb4_unicode_ci,
  `score` int DEFAULT '0',
  `updated_at` timestamp NULL DEFAULT CURRENT_TIMESTAMP ON UPDATE CURRENT_TIMESTAMP,
  PRIMARY KEY (`id`),
  UNIQUE KEY `unique_user_game` (`user_id`,`game_id`),
  CONSTRAINT `user_game_progress_ibfk_1` FOREIGN KEY (`user_id`) REFERENCES `users` (`id`) ON DELETE CASCADE
) ENGINE=InnoDB AUTO_INCREMENT=34 DEFAULT CHARSET=utf8mb4 COLLATE=utf8mb4_unicode_ci;
/*!40101 SET character_set_client = @saved_cs_client */;

--
-- Dumping data for table `user_game_progress`
--

LOCK TABLES `user_game_progress` WRITE;
/*!40000 ALTER TABLE `user_game_progress` DISABLE KEYS */;
INSERT INTO `user_game_progress` VALUES (1,1,'wordle','null',0,'2025-12-14 17:19:49'),(9,1,'spellingbee','{\"foundWords\":[\"LOCAL\",\"GOAL\"]}',6,'2025-12-14 16:36:07'),(22,1,'connections','null',0,'2025-12-14 17:22:02');
/*!40000 ALTER TABLE `user_game_progress` ENABLE KEYS */;
UNLOCK TABLES;

--
-- Table structure for table `users`
--

DROP TABLE IF EXISTS `users`;
/*!40101 SET @saved_cs_client     = @@character_set_client */;
/*!50503 SET character_set_client = utf8mb4 */;
CREATE TABLE `users` (
  `id` int NOT NULL AUTO_INCREMENT,
  `username` varchar(50) NOT NULL,
  `email` varchar(100) NOT NULL,
  `password` varchar(255) NOT NULL,
  `created_at` timestamp NULL DEFAULT CURRENT_TIMESTAMP,
  `is_admin` tinyint(1) DEFAULT '0',
  `status` enum('active','suspended') DEFAULT 'active',
  PRIMARY KEY (`id`),
  UNIQUE KEY `username` (`username`),
  UNIQUE KEY `email` (`email`)
) ENGINE=InnoDB AUTO_INCREMENT=11 DEFAULT CHARSET=utf8mb4 COLLATE=utf8mb4_0900_ai_ci;
/*!40101 SET character_set_client = @saved_cs_client */;

--
-- Dumping data for table `users`
--

LOCK TABLES `users` WRITE;
/*!40000 ALTER TABLE `users` DISABLE KEYS */;
INSERT INTO `users` VALUES (1,'Hazem','7azem0.0hassan@gmail.com','$2y$10$FUX3Zn2Fky8rw.hQ/QBAMe16qBgiA/MQenAkI/dReO9DRQERgy56S','2025-11-20 13:46:45',1,'active'),(5,'6azem','7azem00.0hassan@gmail.com','$2y$10$6hDKl.7OMstpEzk0zVLeWeCDTA48oG3BgH.uS1f6x6CJFJX9tHor.','2025-11-20 13:57:20',0,'active'),(6,'5azem','7azem00.00hassan@gmail.com','$2y$10$3u5fQYgeDqJRTCTsexTkSOwgWw8j6pmekwPO/qK7sY2GNpt4k1ika','2025-11-20 13:57:56',0,'active'),(8,'Not Admin','Not@gmail.com','$2y$10$GKyJkD5jVcA4lYDutVebfOKIvW6An7bEz1umwl4JZqWcKtFgf84Wi','2025-12-17 21:14:21',0,'active');
/*!40000 ALTER TABLE `users` ENABLE KEYS */;
UNLOCK TABLES;
/*!40103 SET TIME_ZONE=@OLD_TIME_ZONE */;

/*!40101 SET SQL_MODE=@OLD_SQL_MODE */;
/*!40014 SET FOREIGN_KEY_CHECKS=@OLD_FOREIGN_KEY_CHECKS */;
/*!40014 SET UNIQUE_CHECKS=@OLD_UNIQUE_CHECKS */;
/*!40101 SET CHARACTER_SET_CLIENT=@OLD_CHARACTER_SET_CLIENT */;
/*!40101 SET CHARACTER_SET_RESULTS=@OLD_CHARACTER_SET_RESULTS */;
/*!40101 SET COLLATION_CONNECTION=@OLD_COLLATION_CONNECTION */;
/*!40111 SET SQL_NOTES=@OLD_SQL_NOTES */;

-- Dump completed on 2025-12-18 11:12:10
